Time,X,Y,Z,Displacement [mm]
2026-04-03T15:11:02.270,       0.00,        0.00,        0.00,        NaN
2026-04-03T15:11:02.271,       0.00,        0.00,        0.00,        NaN
2026-04-03T15:11:02.332,       0.00,        0.00,        0.00,        NaN
2026-04-03T15:11:12.306,        NaN,         NaN,         NaN,        NaN
2026-04-03T15:11:12.307,       0.00,        0.00,        0.00,       0.00
2026-04-03T15:11:12.840,       0.01,       -0.02,       -0.01,       0.03
2026-04-03T15:11:13.355,       0.01,       -0.00,        0.00,       0.01
2026-04-03T15:11:13.875,       0.01,       -0.03,       -0.02,       0.04
2026-04-03T15:11:14.392,      -0.00,       -0.01,       -0.03,       0.03
2026-04-03T15:11:14.904,      -0.02,       -0.02,       -0.03,       0.03
2026-04-03T15:11:15.419,      -0.01,       -0.02,       -0.02,       0.03
2026-04-03T15:11:15.936,      -0.01,       -0.00,        0.02,       0.02
2026-04-03T15:11:16.439,      -0.01,       -0.03,       -0.02,       0.04
2026-04-03T15:11:16.951,      -0.00,       -0.01,       -0.03,       0.03
2026-04-03T15:11:17.468,      -0.00,       -0.00,       -0.05,       0.05
2026-04-03T15:11:17.984,       0.00,        0.01,        0.03,       0.04
2026-04-03T15:11:18.503,      -0.01,       -0.01,       -0.05,       0.05
2026-04-03T15:11:19.018,      -0.01,       -0.00,        0.01,       0.01
2026-04-03T15:11:19.536,       0.00,       -0.01,        0.01,       0.01
2026-04-03T15:11:20.049,      -0.02,       -0.01,       -0.00,       0.02
2026-04-03T15:11:20.564,      -0.01,        0.00,       -0.00,       0.01
2026-04-03T15:11:21.067,      -0.01,       -0.01,        0.01,       0.01
2026-04-03T15:11:21.584,       0.01,       -0.02,        0.01,       0.02
2026-04-03T15:11:22.115,       0.01,       -0.02,        0.02,       0.03
2026-04-03T15:11:22.629,      -0.01,       -0.01,       -0.00,       0.01
2026-04-03T15:11:23.194,      -0.01,       -0.02,        0.01,       0.02
2026-04-03T15:11:23.697,      -0.01,       -0.02,       -0.01,       0.03
2026-04-03T15:11:24.210,      -0.00,       -0.00,       -0.00,       0.01
2026-04-03T15:11:24.727,      -0.01,       -0.00,       -0.04,       0.04
2026-04-03T15:11:25.243,      -0.03,       -0.01,       -0.01,       0.03
2026-04-03T15:11:25.762,      -0.01,        0.00,       -0.03,       0.03
2026-04-03T15:11:26.279,      -0.01,       -0.02,       -0.02,       0.03
2026-04-03T15:11:26.792,      -0.01,       -0.01,        0.01,       0.02
2026-04-03T15:11:27.307,      -0.01,       -0.03,       -0.08,       0.08
2026-04-03T15:11:27.823,      -0.01,       -0.01,       -0.05,       0.05
2026-04-03T15:11:28.342,       0.00,       -0.01,        0.01,       0.01
2026-04-03T15:11:28.888,      -0.01,       -0.02,       -0.02,       0.03
2026-04-03T15:11:29.404,       0.01,       -0.02,       -0.04,       0.05
2026-04-03T15:11:29.922,      -0.01,       -0.00,        0.01,       0.01
2026-04-03T15:11:30.440,      -0.01,       -0.02,        0.01,       0.02
2026-04-03T15:11:30.956,      -0.01,       -0.00,       -0.01,       0.01
2026-04-03T15:11:31.470,      -0.00,        0.00,       -0.01,       0.01
2026-04-03T15:11:31.986,      -0.02,        0.00,       -0.01,       0.02
2026-04-03T15:11:32.487,      -0.02,       -0.01,        0.02,       0.03
2026-04-03T15:11:33.004,      -0.00,        0.01,        0.03,       0.03
2026-04-03T15:11:33.519,      -0.01,        0.00,       -0.04,       0.04
2026-04-03T15:11:34.032,       0.00,       -0.01,       -0.07,       0.07
2026-04-03T15:11:34.548,       0.02,       -0.02,       -0.00,       0.03
2026-04-03T15:11:35.069,      -0.00,       -0.01,       -0.10,       0.10
2026-04-03T15:11:35.584,       0.01,       -0.01,       -0.03,       0.03
2026-04-03T15:11:36.098,      -0.00,        0.02,       -0.05,       0.06
2026-04-03T15:11:36.614,      -0.01,        0.01,        0.00,       0.01
2026-04-03T15:11:37.130,       0.01,       -0.04,       -0.00,       0.04
2026-04-03T15:11:37.649,       0.00,       -0.03,        0.00,       0.03
2026-04-03T15:11:38.195,      -0.00,       -0.02,       -0.04,       0.04
2026-04-03T15:11:38.713,      -0.00,       -0.03,       -0.00,       0.03
2026-04-03T15:11:39.231,      -0.01,       -0.00,       -0.07,       0.07
2026-04-03T15:11:39.777,      -0.03,       -0.17,       -0.03,       0.18
2026-04-03T15:11:40.311,       0.01,       -0.21,       -0.07,       0.22
2026-04-03T15:11:40.826,      -0.01,       -0.42,       -0.01,       0.42
2026-04-03T15:11:41.342,      -0.02,       -0.51,       -0.03,       0.51
2026-04-03T15:11:41.862,      -0.01,       -0.66,        0.00,       0.66
2026-04-03T15:11:42.377,      -0.00,       -0.85,        0.03,       0.85
2026-04-03T15:11:42.890,       0.01,       -0.98,        0.01,       0.98
2026-04-03T15:11:43.408,      -0.00,       -1.13,       -0.00,       1.13
2026-04-03T15:11:43.922,       0.01,       -1.18,        0.03,       1.18
2026-04-03T15:11:44.425,       0.02,       -1.36,       -0.00,       1.36
2026-04-03T15:11:44.939,       0.00,       -1.50,        0.02,       1.51
2026-04-03T15:11:45.455,      -0.01,       -1.67,        0.03,       1.67
2026-04-03T15:11:45.970,      -0.02,       -1.83,        0.09,       1.83
2026-04-03T15:11:46.489,      -0.03,       -1.96,        0.14,       1.96
2026-04-03T15:11:47.006,      -0.02,       -2.18,        0.13,       2.18
2026-04-03T15:11:47.519,      -0.00,       -2.33,        0.12,       2.33
2026-04-03T15:11:48.035,      -0.01,       -2.39,        0.08,       2.39
2026-04-03T15:11:48.552,      -0.03,       -2.47,        0.14,       2.47
2026-04-03T15:11:49.054,      -0.04,       -2.52,        0.15,       2.53
2026-04-03T15:11:49.567,      -0.03,       -2.54,        0.09,       2.54
2026-04-03T15:11:50.083,      -0.03,       -2.55,        0.08,       2.55
2026-04-03T15:11:50.600,      -0.03,       -2.54,        0.09,       2.54
2026-04-03T15:11:51.118,      -0.02,       -2.53,        0.08,       2.53
2026-04-03T15:11:51.634,      -0.01,       -2.51,        0.11,       2.51
2026-04-03T15:11:52.150,      -0.02,       -2.52,        0.12,       2.52
2026-04-03T15:11:52.663,      -0.01,       -2.54,        0.09,       2.54
2026-04-03T15:11:53.179,      -0.01,       -2.48,        0.07,       2.48
2026-04-03T15:11:53.696,      -0.00,       -2.51,        0.08,       2.52
2026-04-03T15:11:54.214,      -0.01,       -2.50,        0.08,       2.50
2026-04-03T15:11:54.730,      -0.01,       -2.51,        0.10,       2.51
2026-04-03T15:11:55.247,      -0.01,       -2.40,        0.04,       2.40
2026-04-03T15:11:55.810,      -0.01,       -2.19,        0.03,       2.19
2026-04-03T15:11:56.312,      -0.03,       -1.94,        0.10,       1.95
2026-04-03T15:11:56.826,      -0.03,       -1.80,        0.12,       1.81
2026-04-03T15:11:57.343,      -0.00,       -1.62,        0.06,       1.62
2026-04-03T15:11:57.858,      -0.00,       -1.49,        0.02,       1.49
2026-04-03T15:11:58.359,       0.01,       -1.39,       -0.03,       1.39
2026-04-03T15:11:58.873,      -0.02,       -1.18,        0.05,       1.18
2026-04-03T15:11:59.390,      -0.01,       -1.08,        0.06,       1.08
2026-04-03T15:11:59.905,      -0.01,       -0.94,        0.05,       0.94
2026-04-03T15:12:00.424,       0.01,       -0.86,        0.00,       0.86
2026-04-03T15:12:00.941,      -0.02,       -0.75,        0.02,       0.75
2026-04-03T15:12:01.454,       0.01,       -0.59,        0.02,       0.59
2026-04-03T15:12:01.970,      -0.01,       -0.49,       -0.02,       0.49
2026-04-03T15:12:02.487,      -0.00,       -0.33,       -0.03,       0.34
2026-04-03T15:12:03.005,       0.03,       -0.20,       -0.04,       0.20
2026-04-03T15:12:03.522,       0.02,       -0.12,       -0.04,       0.13
2026-04-03T15:12:04.038,       0.03,       -0.04,       -0.08,       0.09
2026-04-03T15:12:04.600,       0.01,       -0.02,       -0.02,       0.03
2026-04-03T15:12:05.103,       0.02,       -0.02,       -0.02,       0.03
2026-04-03T15:12:05.619,      -0.00,       -0.01,       -0.01,       0.01
2026-04-03T15:12:06.133,       0.03,        0.01,       -0.02,       0.03
2026-04-03T15:12:06.649,       0.00,       -0.02,       -0.01,       0.03
2026-04-03T15:12:07.164,      -0.00,        0.00,       -0.03,       0.03
2026-04-03T15:12:07.684,      -0.00,        0.01,       -0.03,       0.03
2026-04-03T15:12:08.200,       0.00,       -0.00,       -0.07,       0.07
2026-04-03T15:12:08.746,      -0.01,       -0.01,       -0.03,       0.04
2026-04-03T15:12:09.265,      -0.02,       -0.05,       -0.03,       0.06
2026-04-03T15:12:09.782,      -0.01,       -0.21,       -0.04,       0.22
2026-04-03T15:12:10.294,       0.00,       -0.38,       -0.00,       0.38
2026-04-03T15:12:10.811,      -0.01,       -0.55,        0.01,       0.55
2026-04-03T15:12:11.328,      -0.00,       -0.73,        0.02,       0.73
2026-04-03T15:12:11.845,       0.01,       -0.92,        0.03,       0.92
2026-04-03T15:12:12.392,      -0.05,       -1.08,        0.12,       1.09
2026-04-03T15:12:12.927,      -0.03,       -1.31,        0.06,       1.31
2026-04-03T15:12:13.479,      -0.01,       -1.47,        0.02,       1.47
2026-04-03T15:12:13.994,      -0.03,       -1.62,        0.05,       1.62
2026-04-03T15:12:14.506,      -0.00,       -1.82,        0.10,       1.82
2026-04-03T15:12:15.024,      -0.03,       -1.88,        0.09,       1.89
2026-04-03T15:12:15.526,      -0.01,       -2.02,        0.10,       2.02
2026-04-03T15:12:16.041,      -0.01,       -2.04,        0.10,       2.05
2026-04-03T15:12:16.554,       0.03,       -2.05,        0.02,       2.05
2026-04-03T15:12:17.071,      -0.01,       -1.99,        0.08,       1.99
2026-04-03T15:12:17.574,       0.00,       -2.01,        0.03,       2.01
2026-04-03T15:12:18.089,      -0.02,       -2.00,       -0.01,       2.00
2026-04-03T15:12:18.603,      -0.01,       -2.03,       -0.01,       2.03
2026-04-03T15:12:19.119,      -0.02,       -2.00,       -0.02,       2.00
2026-04-03T15:12:19.634,      -0.02,       -2.02,        0.01,       2.02
2026-04-03T15:12:20.154,      -0.02,       -2.01,        0.04,       2.01
2026-04-03T15:12:20.671,      -0.01,       -2.00,        0.03,       2.00
2026-04-03T15:12:21.216,      -0.00,       -2.01,        0.04,       2.01
2026-04-03T15:12:21.735,       0.02,       -1.99,        0.03,       1.99
2026-04-03T15:12:22.251,      -0.03,       -1.99,        0.06,       1.99
2026-04-03T15:12:22.768,      -0.04,       -2.02,        0.05,       2.02
2026-04-03T15:12:23.280,      -0.02,       -2.01,        0.05,       2.02
2026-04-03T15:12:23.796,      -0.01,       -1.98,        0.05,       1.98
2026-04-03T15:12:24.314,      -0.00,       -1.80,        0.06,       1.80
2026-04-03T15:12:24.814,       0.01,       -1.66,        0.10,       1.66
2026-04-03T15:12:25.329,       0.01,       -1.52,        0.03,       1.52
2026-04-03T15:12:25.845,       0.00,       -1.35,        0.07,       1.35
2026-04-03T15:12:26.365,      -0.02,       -1.24,       -0.00,       1.24
2026-04-03T15:12:26.880,      -0.01,       -1.08,        0.04,       1.08
2026-04-03T15:12:27.443,      -0.00,       -0.95,        0.04,       0.95
2026-04-03T15:12:27.945,      -0.02,       -0.78,        0.04,       0.78
2026-04-03T15:12:28.462,      -0.02,       -0.71,       -0.01,       0.71
2026-04-03T15:12:28.974,      -0.00,       -0.58,       -0.00,       0.58
2026-04-03T15:12:29.491,       0.01,       -0.45,        0.01,       0.45
2026-04-03T15:12:30.008,      -0.00,       -0.29,       -0.03,       0.29
2026-04-03T15:12:30.526,       0.02,       -0.23,       -0.02,       0.23
2026-04-03T15:12:31.093,       0.00,       -0.10,       -0.04,       0.11
2026-04-03T15:12:31.638,      -0.00,       -0.06,        0.00,       0.06
2026-04-03T15:12:32.158,      -0.01,       -0.03,        0.01,       0.04
2026-04-03T15:12:32.673,      -0.01,       -0.00,        0.03,       0.03
2026-04-03T15:12:33.187,      -0.00,        0.00,        0.01,       0.01
2026-04-03T15:12:33.754,      -0.01,        0.03,       -0.03,       0.04
2026-04-03T15:12:34.257,       0.01,        0.02,       -0.02,       0.03
2026-04-03T15:12:34.769,       0.01,       -0.01,       -0.02,       0.02
2026-04-03T15:12:35.285,       0.01,        0.04,       -0.03,       0.04
2026-04-03T15:12:35.802,      -0.00,        0.03,       -0.07,       0.08
2026-04-03T15:12:36.320,       0.02,        0.02,       -0.05,       0.05
2026-04-03T15:12:36.836,      -0.00,        0.00,       -0.02,       0.02
2026-04-03T15:12:37.382,       0.05,        0.15,       -0.01,       0.16
2026-04-03T15:12:37.899,      -0.02,        0.24,       -0.06,       0.25
2026-04-03T15:12:38.417,       0.02,        0.42,        0.00,       0.42
2026-04-03T15:12:38.933,       0.01,        0.43,        0.05,       0.44
2026-04-03T15:12:39.448,       0.01,        0.60,        0.06,       0.60
2026-04-03T15:12:40.000,       0.00,        0.70,        0.09,       0.71
2026-04-03T15:12:40.516,      -0.01,        0.84,       -0.01,       0.84
2026-04-03T15:12:41.029,       0.00,        0.93,        0.11,       0.94
2026-04-03T15:12:41.546,       0.01,        1.05,        0.06,       1.06
2026-04-03T15:12:42.060,      -0.01,        1.19,        0.04,       1.19
2026-04-03T15:12:42.579,      -0.01,        1.32,        0.04,       1.33
2026-04-03T15:12:43.126,      -0.01,        1.47,       -0.01,       1.47
2026-04-03T15:12:43.644,      -0.02,        1.61,        0.00,       1.61
2026-04-03T15:12:44.161,       0.01,        1.71,        0.02,       1.71
2026-04-03T15:12:44.677,      -0.01,        1.84,       -0.01,       1.84
2026-04-03T15:12:45.194,       0.02,        1.87,        0.10,       1.87
2026-04-03T15:12:45.757,       0.00,        1.97,        0.02,       1.97
2026-04-03T15:12:46.260,       0.01,        1.96,        0.01,       1.96
2026-04-03T15:12:46.772,      -0.00,        1.95,        0.04,       1.95
2026-04-03T15:12:47.290,      -0.03,        1.97,        0.09,       1.97
2026-04-03T15:12:47.804,      -0.03,        1.98,       -0.02,       1.98
2026-04-03T15:12:48.323,      -0.03,        1.99,        0.02,       1.99
2026-04-03T15:12:48.891,      -0.03,        1.99,       -0.02,       1.99
2026-04-03T15:12:49.437,      -0.02,        1.98,       -0.04,       1.98
2026-04-03T15:12:49.956,      -0.02,        1.97,       -0.02,       1.97
2026-04-03T15:12:50.472,      -0.00,        1.95,       -0.02,       1.95
2026-04-03T15:12:50.986,      -0.01,        1.97,        0.01,       1.97
2026-04-03T15:12:51.500,      -0.01,        1.98,       -0.05,       1.98
2026-04-03T15:12:52.016,       0.02,        1.98,        0.01,       1.98
2026-04-03T15:12:52.536,       0.02,        1.98,       -0.02,       1.98
2026-04-03T15:12:53.083,       0.02,        1.96,       -0.02,       1.96
2026-04-03T15:12:53.598,       0.03,        1.96,        0.01,       1.96
2026-04-03T15:12:54.118,       0.03,        1.87,       -0.00,       1.87
2026-04-03T15:12:54.635,      -0.01,        1.79,       -0.00,       1.79
2026-04-03T15:12:55.147,      -0.00,        1.66,       -0.02,       1.66
2026-04-03T15:12:55.664,      -0.04,        1.56,       -0.02,       1.56
2026-04-03T15:12:56.180,      -0.04,        1.42,        0.04,       1.42
2026-04-03T15:12:56.683,       0.00,        1.27,        0.03,       1.27
2026-04-03T15:12:57.195,      -0.03,        1.13,        0.01,       1.13
2026-04-03T15:12:57.710,      -0.03,        1.00,        0.03,       1.00
2026-04-03T15:12:58.227,      -0.01,        0.86,        0.01,       0.86
2026-04-03T15:12:58.730,       0.03,        0.72,       -0.06,       0.73
2026-04-03T15:12:59.242,      -0.00,        0.61,       -0.01,       0.61
2026-04-03T15:12:59.759,      -0.00,        0.43,        0.00,       0.43
2026-04-03T15:13:00.275,      -0.02,        0.36,       -0.03,       0.36
2026-04-03T15:13:00.778,      -0.01,        0.18,       -0.05,       0.18
2026-04-03T15:13:01.290,       0.04,        0.08,        0.02,       0.09
2026-04-03T15:13:01.806,       0.03,        0.03,        0.03,       0.05
2026-04-03T15:13:02.323,       0.01,        0.02,       -0.07,       0.08
2026-04-03T15:13:02.842,       0.00,        0.03,       -0.11,       0.11
2026-04-03T15:13:03.358,      -0.01,       -0.00,       -0.04,       0.04
2026-04-03T15:13:03.875,      -0.01,        0.01,       -0.01,       0.02
2026-04-03T15:13:04.388,      -0.01,       -0.01,       -0.03,       0.03
2026-04-03T15:13:04.902,      -0.01,        0.02,       -0.01,       0.03
2026-04-03T15:13:05.405,       0.01,       -0.01,       -0.04,       0.04
2026-04-03T15:13:05.938,       0.01,        0.01,        0.00,       0.01
2026-04-03T15:13:06.501,      -0.02,        0.01,        0.02,       0.03
2026-04-03T15:13:07.004,      -0.02,       -0.01,       -0.04,       0.04
2026-04-03T15:13:07.521,      -0.01,       -0.01,       -0.03,       0.03
2026-04-03T15:13:08.036,      -0.02,        0.02,       -0.02,       0.03
2026-04-03T15:13:08.550,       0.00,       -0.01,       -0.04,       0.04
2026-04-03T15:13:09.067,      -0.00,       -0.01,       -0.04,       0.04
2026-04-03T15:13:09.569,      -0.00,       -0.00,       -0.00,       0.00
2026-04-03T15:13:10.084,      -0.01,       -0.02,       -0.02,       0.03
2026-04-03T15:13:10.598,      -0.01,       -0.02,       -0.01,       0.02
2026-04-03T15:13:11.114,      -0.00,       -0.03,       -0.01,       0.03
2026-04-03T15:13:11.629,       0.00,       -0.01,       -0.04,       0.04
2026-04-03T15:13:12.148,       0.01,       -0.01,       -0.03,       0.03
2026-04-03T15:13:12.665,      -0.02,       -0.01,       -0.01,       0.03
2026-04-03T15:13:13.178,      -0.01,       -0.02,        0.22,       0.22
2026-04-03T15:13:13.680,      -0.01,        0.01,        0.27,       0.27
2026-04-03T15:13:14.211,      -0.00,        0.01,        0.41,       0.41
2026-04-03T15:13:14.729,       0.00,       -0.01,        0.47,       0.47
2026-04-03T15:13:15.276,      -0.01,       -0.01,        0.64,       0.64
2026-04-03T15:13:15.792,      -0.01,       -0.01,        0.74,       0.74
2026-04-03T15:13:16.309,      -0.02,       -0.01,        0.93,       0.93
2026-04-03T15:13:16.826,      -0.02,       -0.01,        1.02,       1.02
2026-04-03T15:13:17.340,      -0.01,        0.00,        1.14,       1.14
2026-04-03T15:13:17.857,      -0.00,        0.00,        1.25,       1.25
2026-04-03T15:13:18.372,       0.01,       -0.02,        1.44,       1.44
2026-04-03T15:13:18.891,      -0.00,        0.02,        1.56,       1.56
2026-04-03T15:13:19.408,      -0.00,       -0.01,        1.69,       1.69
2026-04-03T15:13:19.955,      -0.00,       -0.00,        1.74,       1.74
2026-04-03T15:13:20.473,      -0.01,       -0.01,        1.86,       1.86
2026-04-03T15:13:20.989,       0.00,        0.01,        1.88,       1.88
2026-04-03T15:13:21.506,       0.02,        0.04,        1.92,       1.92
2026-04-03T15:13:22.019,      -0.01,        0.04,        1.97,       1.97
2026-04-03T15:13:22.534,      -0.01,        0.03,        1.96,       1.96
2026-04-03T15:13:23.051,       0.00,        0.05,        1.99,       1.99
2026-04-03T15:13:23.569,       0.01,        0.01,        2.00,       2.00
2026-04-03T15:13:24.086,      -0.00,        0.03,        2.01,       2.02
2026-04-03T15:13:24.602,       0.01,        0.01,        2.04,       2.04
2026-04-03T15:13:25.115,       0.00,        0.01,        1.99,       1.99
2026-04-03T15:13:25.631,      -0.00,        0.04,        2.01,       2.01
2026-04-03T15:13:26.148,      -0.00,        0.02,        2.04,       2.04
2026-04-03T15:13:26.667,       0.01,        0.02,        1.99,       1.99
2026-04-03T15:13:27.182,       0.02,        0.01,        1.89,       1.89
2026-04-03T15:13:27.697,       0.02,        0.01,        1.75,       1.75
2026-04-03T15:13:28.248,      -0.01,       -0.03,        1.62,       1.62
2026-04-03T15:13:28.764,       0.02,        0.01,        1.43,       1.43
2026-04-03T15:13:29.277,       0.03,       -0.02,        1.19,       1.19
2026-04-03T15:13:29.794,       0.01,        0.01,        1.07,       1.07
2026-04-03T15:13:30.309,       0.00,        0.01,        0.88,       0.88
2026-04-03T15:13:30.809,       0.00,       -0.02,        0.72,       0.72
2026-04-03T15:13:31.326,       0.03,        0.01,        0.61,       0.61
2026-04-03T15:13:31.843,       0.02,       -0.01,        0.46,       0.46
2026-04-03T15:13:32.357,       0.03,        0.01,        0.30,       0.31
2026-04-03T15:13:32.877,       0.01,        0.02,        0.22,       0.22
2026-04-03T15:13:33.393,       0.02,       -0.01,        0.07,       0.07
2026-04-03T15:13:33.940,       0.03,       -0.00,        0.00,       0.03
2026-04-03T15:13:34.458,       0.04,        0.01,       -0.06,       0.08
2026-04-03T15:13:34.974,       0.02,        0.01,       -0.07,       0.08
2026-04-03T15:13:35.488,      -0.00,        0.00,       -0.05,       0.05
2026-04-03T15:13:36.003,      -0.01,        0.00,       -0.02,       0.02
2026-04-03T15:13:36.519,      -0.01,        0.02,        0.01,       0.03
2026-04-03T15:13:37.037,      -0.01,       -0.01,       -0.01,       0.02
2026-04-03T15:13:37.536,      -0.00,        0.00,       -0.06,       0.06
2026-04-03T15:13:38.051,      -0.00,        0.01,       -0.07,       0.07
2026-04-03T15:13:38.567,      -0.00,       -0.01,       -0.04,       0.04
2026-04-03T15:13:39.088,      -0.01,        0.01,       -0.07,       0.07
2026-04-03T15:13:39.603,      -0.01,        0.01,       -0.03,       0.04
2026-04-03T15:13:40.116,      -0.02,       -0.00,       -0.02,       0.03
2026-04-03T15:13:40.633,       0.01,        0.01,       -0.20,       0.20
2026-04-03T15:13:41.147,       0.01,       -0.00,       -0.31,       0.31
2026-04-03T15:13:41.667,      -0.00,       -0.01,       -0.45,       0.45
2026-04-03T15:13:42.184,      -0.00,       -0.02,       -0.59,       0.59
2026-04-03T15:13:42.700,      -0.01,       -0.02,       -0.77,       0.77
2026-04-03T15:13:43.262,      -0.00,       -0.02,       -0.93,       0.93
2026-04-03T15:13:43.765,       0.00,       -0.03,       -1.08,       1.08
2026-04-03T15:13:44.282,       0.01,       -0.03,       -1.23,       1.23
2026-04-03T15:13:44.795,       0.00,       -0.03,       -1.34,       1.34
2026-04-03T15:13:45.310,      -0.01,       -0.03,       -1.49,       1.49
2026-04-03T15:13:45.828,      -0.01,       -0.01,       -1.63,       1.63
2026-04-03T15:13:46.346,      -0.00,       -0.01,       -1.73,       1.73
2026-04-03T15:13:46.861,       0.00,       -0.01,       -1.79,       1.79
2026-04-03T15:13:47.378,      -0.01,        0.02,       -1.90,       1.90
2026-04-03T15:13:47.891,      -0.03,        0.01,       -1.98,       1.98
2026-04-03T15:13:48.407,      -0.01,        0.01,       -2.07,       2.07
2026-04-03T15:13:48.924,      -0.01,        0.04,       -2.03,       2.03
2026-04-03T15:13:49.442,      -0.02,        0.03,       -2.07,       2.07
2026-04-03T15:13:49.956,      -0.02,       -0.00,       -2.02,       2.02
2026-04-03T15:13:50.473,      -0.01,        0.02,       -2.03,       2.03
2026-04-03T15:13:50.988,      -0.02,        0.00,       -2.06,       2.06
2026-04-03T15:13:51.507,      -0.01,       -0.02,       -2.05,       2.05
2026-04-03T15:13:52.073,      -0.01,       -0.01,       -2.03,       2.03
2026-04-03T15:13:52.586,      -0.02,        0.00,       -2.02,       2.02
2026-04-03T15:13:53.102,      -0.01,        0.01,       -2.02,       2.02
2026-04-03T15:13:53.619,      -0.01,        0.03,       -1.98,       1.98
2026-04-03T15:13:54.137,      -0.02,        0.02,       -2.00,       2.00
2026-04-03T15:13:54.653,      -0.02,        0.01,       -2.00,       2.00
2026-04-03T15:13:55.170,      -0.00,       -0.01,       -2.00,       2.00
2026-04-03T15:13:55.683,      -0.02,       -0.00,       -2.02,       2.02
2026-04-03T15:13:56.199,      -0.02,        0.00,       -2.04,       2.04
2026-04-03T15:13:56.716,      -0.03,        0.01,       -1.94,       1.94
2026-04-03T15:13:57.234,      -0.02,        0.00,       -1.71,       1.71
2026-04-03T15:13:57.750,      -0.02,        0.01,       -1.57,       1.57
2026-04-03T15:13:58.265,      -0.02,       -0.01,       -1.45,       1.45
2026-04-03T15:13:58.779,      -0.01,       -0.02,       -1.24,       1.25
2026-04-03T15:13:59.296,       0.00,       -0.03,       -1.10,       1.10
2026-04-03T15:13:59.797,      -0.00,        0.00,       -0.95,       0.95
2026-04-03T15:14:00.312,      -0.03,       -0.02,       -0.80,       0.80
2026-04-03T15:14:00.827,      -0.00,       -0.02,       -0.72,       0.72
2026-04-03T15:14:01.343,      -0.03,       -0.04,       -0.61,       0.61
2026-04-03T15:14:01.864,      -0.02,       -0.02,       -0.54,       0.54
2026-04-03T15:14:02.378,      -0.02,        0.00,       -0.38,       0.38
2026-04-03T15:14:02.892,      -0.02,       -0.01,       -0.25,       0.25
2026-04-03T15:14:03.409,      -0.01,       -0.03,       -0.21,       0.21
2026-04-03T15:14:03.924,      -0.02,       -0.05,       -0.07,       0.08
2026-04-03T15:14:04.443,      -0.02,       -0.04,       -0.10,       0.11
2026-04-03T15:14:04.961,      -0.01,       -0.05,       -0.06,       0.08
2026-04-03T15:14:05.472,      -0.02,       -0.01,        0.00,       0.02
2026-04-03T15:14:05.989,      -0.01,       -0.00,       -0.01,       0.02
2026-04-03T15:14:06.505,      -0.01,       -0.02,       -0.01,       0.02
2026-04-03T15:14:07.024,      -0.01,        0.01,       -0.02,       0.02
2026-04-03T15:14:07.540,      -0.01,       -0.00,       -0.03,       0.03
2026-04-03T15:14:08.056,      -0.01,       -0.00,        0.00,       0.01
2026-04-03T15:14:08.619,       0.00,       -0.01,        0.02,       0.02
2026-04-03T15:14:09.135,      -0.01,       -0.00,       -0.01,       0.01
2026-04-03T15:14:09.637,      -0.02,        0.02,       -0.01,       0.03
2026-04-03T15:14:10.152,      -0.01,       -0.02,       -0.05,       0.05
2026-04-03T15:14:10.667,      -0.00,       -0.01,       -0.04,       0.04
2026-04-03T15:14:11.183,      -0.01,        0.02,       -0.01,       0.02
2026-04-03T15:14:11.702,      -0.00,        0.00,       -0.04,       0.04
2026-04-03T15:14:12.218,      -0.00,        0.00,       -0.02,       0.02
2026-04-03T15:14:12.731,      -0.01,        0.01,        0.01,       0.01
2026-04-03T15:14:13.248,       0.00,       -0.01,       -0.01,       0.01
2026-04-03T15:14:13.763,      -0.02,        0.00,       -0.03,       0.03
2026-04-03T15:14:14.283,      -0.01,       -0.01,       -0.05,       0.05
2026-04-03T15:14:14.800,       0.00,       -0.00,       -0.00,       0.00
2026-04-03T15:14:15.315,      -0.02,       -0.00,       -0.01,       0.02
2026-04-03T15:14:15.828,      -0.01,        0.00,       -0.05,       0.06
2026-04-03T15:14:16.345,      -0.00,        0.01,       -0.06,       0.06
2026-04-03T15:14:16.848,      -0.00,        0.01,        0.01,       0.01
2026-04-03T15:14:17.360,      -0.01,       -0.01,       -0.04,       0.04
2026-04-03T15:14:17.876,      -0.14,       -0.00,       -0.02,       0.14
2026-04-03T15:14:18.392,      -0.24,        0.00,       -0.04,       0.24
2026-04-03T15:14:18.907,      -0.29,        0.02,        0.00,       0.30
2026-04-03T15:14:19.427,      -0.41,        0.00,       -0.00,       0.41
2026-04-03T15:14:19.944,      -0.51,        0.02,        0.01,       0.51
2026-04-03T15:14:20.456,      -0.61,        0.03,       -0.00,       0.61
2026-04-03T15:14:20.972,      -0.69,        0.02,        0.02,       0.69
2026-04-03T15:14:21.489,      -0.82,        0.03,        0.06,       0.82
2026-04-03T15:14:21.992,      -0.93,        0.04,        0.13,       0.94
2026-04-03T15:14:22.505,      -1.01,        0.07,        0.14,       1.03
2026-04-03T15:14:23.020,      -1.10,        0.07,        0.16,       1.12
2026-04-03T15:14:23.537,      -1.17,        0.04,        0.19,       1.19
2026-04-03T15:14:24.056,      -1.24,        0.05,        0.16,       1.25
2026-04-03T15:14:24.572,      -1.30,        0.04,        0.17,       1.31
2026-04-03T15:14:25.088,      -1.38,        0.03,        0.12,       1.38
2026-04-03T15:14:25.601,      -1.46,        0.01,        0.04,       1.47
2026-04-03T15:14:26.116,      -1.53,        0.01,        0.04,       1.53
2026-04-03T15:14:26.634,      -1.62,        0.00,       -0.02,       1.62
2026-04-03T15:14:27.152,      -1.68,       -0.02,       -0.06,       1.68
2026-04-03T15:14:27.668,      -1.75,        0.00,       -0.04,       1.75
2026-04-03T15:14:28.183,      -1.83,       -0.02,       -0.05,       1.83
2026-04-03T15:14:28.698,      -1.89,       -0.00,       -0.04,       1.89
2026-04-03T15:14:29.213,      -1.96,       -0.00,       -0.02,       1.96
2026-04-03T15:14:29.734,      -1.99,        0.00,       -0.05,       1.99
2026-04-03T15:14:30.296,      -2.02,        0.02,       -0.03,       2.02
2026-04-03T15:14:30.848,      -2.01,       -0.01,       -0.03,       2.01
2026-04-03T15:14:31.364,      -2.02,        0.00,       -0.05,       2.02
2026-04-03T15:14:31.881,      -2.04,        0.01,       -0.03,       2.04
2026-04-03T15:14:32.394,      -2.03,        0.02,       -0.03,       2.03
2026-04-03T15:14:32.910,      -2.01,        0.02,        0.00,       2.01
2026-04-03T15:14:33.427,      -2.01,       -0.01,       -0.06,       2.01
2026-04-03T15:14:33.929,      -2.01,        0.02,        0.02,       2.01
2026-04-03T15:14:34.442,      -2.00,       -0.02,       -0.02,       2.00
2026-04-03T15:14:34.958,      -2.00,        0.01,       -0.01,       2.00
2026-04-03T15:14:35.475,      -1.88,        0.01,        0.02,       1.88
2026-04-03T15:14:35.994,      -1.79,       -0.00,        0.04,       1.79
2026-04-03T15:14:36.507,      -1.67,       -0.03,       -0.00,       1.68
2026-04-03T15:14:37.023,      -1.58,        0.02,        0.01,       1.58
2026-04-03T15:14:37.538,      -1.46,       -0.00,        0.02,       1.46
2026-04-03T15:14:38.057,      -1.39,        0.04,        0.12,       1.40
2026-04-03T15:14:38.604,      -1.26,        0.03,        0.16,       1.27
2026-04-03T15:14:39.121,      -1.14,        0.03,        0.17,       1.16
2026-04-03T15:14:39.636,      -1.05,        0.04,        0.17,       1.06
2026-04-03T15:14:40.136,      -0.94,        0.04,        0.13,       0.95
2026-04-03T15:14:40.652,      -0.85,        0.03,        0.15,       0.87
2026-04-03T15:14:41.169,      -0.74,        0.01,        0.05,       0.75
2026-04-03T15:14:41.687,      -0.66,       -0.01,        0.07,       0.66
2026-04-03T15:14:42.252,      -0.55,        0.00,        0.02,       0.55
2026-04-03T15:14:42.817,      -0.45,        0.01,        0.01,       0.45
2026-04-03T15:14:43.332,      -0.33,        0.01,       -0.01,       0.33
2026-04-03T15:14:43.834,      -0.23,        0.01,       -0.02,       0.24
2026-04-03T15:14:44.348,      -0.17,        0.02,       -0.02,       0.17
2026-04-03T15:14:44.865,      -0.10,        0.00,       -0.02,       0.10
2026-04-03T15:14:45.380,      -0.05,       -0.00,       -0.02,       0.05
2026-04-03T15:14:45.900,      -0.01,        0.01,       -0.02,       0.02
2026-04-03T15:14:46.416,      -0.01,        0.01,       -0.00,       0.02
2026-04-03T15:14:46.929,      -0.02,        0.01,        0.03,       0.04
2026-04-03T15:14:47.444,      -0.02,        0.01,       -0.01,       0.03
2026-04-03T15:14:47.961,      -0.01,       -0.03,       -0.00,       0.03
2026-04-03T15:14:48.464,      -0.02,        0.01,       -0.01,       0.02
2026-04-03T15:14:48.976,      -0.01,        0.01,       -0.00,       0.02
2026-04-03T15:14:49.492,       0.00,        0.01,       -0.00,       0.01
2026-04-03T15:14:50.009,      -0.00,        0.02,        0.01,       0.02
2026-04-03T15:14:50.527,       0.01,       -0.00,       -0.03,       0.03
2026-04-03T15:14:51.044,       0.01,       -0.02,       -0.03,       0.04
2026-04-03T15:14:51.560,       0.10,       -0.00,        0.01,       0.10
2026-04-03T15:14:52.073,       0.20,        0.01,        0.07,       0.21
2026-04-03T15:14:52.590,       0.29,        0.03,        0.11,       0.31
2026-04-03T15:14:53.106,       0.41,        0.03,        0.17,       0.45
2026-04-03T15:14:53.625,       0.52,        0.04,        0.21,       0.56
2026-04-03T15:14:54.140,       0.62,       -0.01,        0.16,       0.64
2026-04-03T15:14:54.657,       0.69,        0.00,        0.13,       0.71
2026-04-03T15:14:55.169,       0.79,        0.02,        0.15,       0.80
2026-04-03T15:14:55.685,       0.90,        0.01,        0.05,       0.90
2026-04-03T15:14:56.202,       0.98,       -0.01,        0.07,       0.98
2026-04-03T15:14:56.703,       1.11,        0.01,        0.03,       1.11
2026-04-03T15:14:57.217,       1.24,        0.00,        0.02,       1.24
2026-04-03T15:14:57.733,       1.35,        0.01,       -0.03,       1.35
2026-04-03T15:14:58.253,       1.45,        0.01,       -0.04,       1.46
2026-04-03T15:14:58.769,       1.58,       -0.01,       -0.04,       1.58
2026-04-03T15:14:59.282,       1.70,       -0.00,       -0.02,       1.70
2026-04-03T15:14:59.799,       1.80,        0.00,       -0.02,       1.80
2026-04-03T15:15:00.314,       1.85,       -0.00,        0.04,       1.85
2026-04-03T15:15:00.834,       1.96,        0.01,        0.12,       1.96
2026-04-03T15:15:01.350,       1.98,        0.01,        0.04,       1.98
2026-04-03T15:15:01.865,       2.00,        0.02,        0.14,       2.01
2026-04-03T15:15:02.378,       1.99,        0.03,        0.12,       1.99
2026-04-03T15:15:02.881,       1.99,        0.06,        0.13,       1.99
2026-04-03T15:15:03.398,       1.99,        0.03,        0.10,       1.99
2026-04-03T15:15:03.913,       1.99,        0.04,        0.11,       1.99
2026-04-03T15:15:04.426,       1.98,        0.04,        0.10,       1.99
2026-04-03T15:15:04.943,       1.99,        0.05,        0.11,       1.99
2026-04-03T15:15:05.459,       1.99,        0.03,        0.12,       1.99
2026-04-03T15:15:06.008,       1.98,        0.04,        0.06,       1.99
2026-04-03T15:15:06.524,       1.99,        0.04,        0.06,       1.99
2026-04-03T15:15:07.042,       1.99,        0.02,        0.07,       1.99
2026-04-03T15:15:07.559,       2.00,        0.03,        0.08,       2.00
2026-04-03T15:15:08.075,       1.97,        0.01,        0.06,       1.97
2026-04-03T15:15:08.592,       1.82,        0.04,        0.06,       1.82
2026-04-03T15:15:09.104,       1.71,        0.01,       -0.05,       1.71
2026-04-03T15:15:09.607,       1.61,        0.00,       -0.07,       1.61
2026-04-03T15:15:10.123,       1.48,        0.01,       -0.04,       1.48
2026-04-03T15:15:10.638,       1.36,        0.02,       -0.03,       1.36
2026-04-03T15:15:11.153,       1.23,       -0.01,       -0.07,       1.24
2026-04-03T15:15:11.669,       1.11,       -0.00,       -0.05,       1.11
2026-04-03T15:15:12.189,       0.98,        0.03,        0.02,       0.98
2026-04-03T15:15:12.704,       0.89,        0.02,        0.07,       0.89
2026-04-03T15:15:13.218,       0.83,        0.02,        0.06,       0.83
2026-04-03T15:15:13.735,       0.75,        0.03,        0.12,       0.76
2026-04-03T15:15:14.249,       0.65,        0.03,        0.18,       0.68
2026-04-03T15:15:14.751,       0.61,        0.03,        0.12,       0.63
2026-04-03T15:15:15.265,       0.53,        0.04,        0.15,       0.55
2026-04-03T15:15:15.782,       0.43,        0.03,        0.11,       0.45
2026-04-03T15:15:16.297,       0.36,        0.04,        0.11,       0.37
2026-04-03T15:15:16.817,       0.27,        0.04,        0.10,       0.29
2026-04-03T15:15:17.333,       0.16,        0.02,        0.03,       0.16
2026-04-03T15:15:17.896,       0.06,        0.04,        0.01,       0.08
2026-04-03T15:15:18.412,       0.03,       -0.01,       -0.04,       0.05
2026-04-03T15:15:18.929,       0.01,       -0.02,       -0.04,       0.05
2026-04-03T15:15:19.448,       0.00,       -0.00,       -0.00,       0.01
2026-04-03T15:15:19.962,      -0.02,       -0.00,       -0.02,       0.03
2026-04-03T15:15:20.509,      -0.01,        0.00,        0.03,       0.03
2026-04-03T15:15:21.042,      -0.02,        0.00,       -0.04,       0.04
2026-04-03T15:15:21.561,      -0.01,       -0.01,       -0.02,       0.02
2026-04-03T15:15:22.108,      -0.01,       -0.01,       -0.01,       0.02
2026-04-03T15:15:22.625,      -0.00,        0.01,       -0.02,       0.02
2026-04-03T15:15:23.143,      -0.00,        0.01,        0.01,       0.01
2026-04-03T15:15:23.660,       0.01,        0.01,        0.03,       0.03
2026-04-03T15:15:24.175,       0.01,        0.01,        0.01,       0.02
2026-04-03T15:15:24.688,       0.02,       -0.00,       -0.03,       0.03
2026-04-03T15:15:25.204,      -0.00,       -0.01,       -0.01,       0.02
2026-04-03T15:15:25.721,      -0.00,       -0.03,       -0.02,       0.03
2026-04-03T15:15:26.239,      -0.01,        0.01,       -0.02,       0.02
2026-04-03T15:15:26.756,      -0.01,       -0.02,       -0.05,       0.06
2026-04-03T15:15:27.272,       0.00,       -0.00,       -0.02,       0.02
2026-04-03T15:15:27.822,      -0.00,        0.01,       -0.04,       0.04
2026-04-03T15:15:28.338,       0.02,        0.00,       -0.02,       0.03
2026-04-03T15:15:28.851,       0.00,        0.01,       -0.03,       0.03
2026-04-03T15:15:29.368,      -0.00,       -0.00,       -0.02,       0.02
2026-04-03T15:15:29.870,       0.00,        0.00,       -0.01,       0.01
2026-04-03T15:15:30.385,      -0.01,        0.02,        0.00,       0.02
2026-04-03T15:15:30.898,      -0.00,       -0.01,       -0.04,       0.04
2026-04-03T15:15:31.415,       0.00,        0.00,       -0.03,       0.03
2026-04-03T15:15:31.930,      -0.00,        0.01,       -0.07,       0.07
2026-04-03T15:15:32.433,      -0.00,       -0.00,       -0.05,       0.05
2026-04-03T15:15:32.946,       0.01,       -0.01,        0.00,       0.01
2026-04-03T15:15:33.464,      -0.00,       -0.00,       -0.02,       0.02
2026-04-03T15:15:33.978,      -0.01,        0.00,       -0.02,       0.02
2026-04-03T15:15:34.498,      -0.01,        0.01,       -0.01,       0.02
2026-04-03T15:15:35.044,       0.00,        0.01,       -0.06,       0.06
2026-04-03T15:15:35.561,      -0.01,        0.00,        0.01,       0.02
2026-04-03T15:15:36.080,      -0.02,       -0.00,       -0.03,       0.03
2026-04-03T15:15:36.595,      -0.02,        0.01,       -0.01,       0.02
2026-04-03T15:15:37.112,      -0.00,       -0.01,       -0.02,       0.03
2026-04-03T15:15:37.658,      -0.01,        0.00,       -0.06,       0.06
2026-04-03T15:15:38.177,       0.00,        0.00,        0.01,       0.01
2026-04-03T15:15:38.691,      -0.01,        0.01,        0.01,       0.02
2026-04-03T15:15:39.207,      -0.00,       -0.01,       -0.01,       0.01
2026-04-03T15:15:39.723,      -0.01,       -0.03,       -0.04,       0.05
2026-04-03T15:15:40.242,      -0.02,        0.01,       -0.01,       0.02
2026-04-03T15:15:40.788,      -0.01,       -0.00,        0.01,       0.02
2026-04-03T15:15:41.304,      -0.01,        0.01,       -0.05,       0.05
2026-04-03T15:15:41.807,      -0.02,        0.01,       -0.02,       0.03
2026-04-03T15:15:42.319,      -0.01,       -0.01,       -0.04,       0.04
2026-04-03T15:15:42.836,       0.00,        0.00,        0.01,       0.01
2026-04-03T15:15:43.353,      -0.00,       -0.00,       -0.06,       0.06
2026-04-03T15:15:43.871,       0.00,       -0.01,       -0.05,       0.05
2026-04-03T15:15:44.437,      -0.01,        0.01,       -0.02,       0.02
2026-04-03T15:15:44.983,       0.00,        0.01,       -0.07,       0.07
2026-04-03T15:15:45.504,      -0.00,       -0.01,       -0.03,       0.03
2026-04-03T15:15:46.019,       0.00,        0.01,       -0.06,       0.06
2026-04-03T15:15:46.531,      -0.01,        0.01,       -0.01,       0.02
2026-04-03T15:15:47.084,      -0.01,       -0.00,       -0.02,       0.02
2026-04-03T15:15:47.601,       0.01,       -0.01,       -0.04,       0.04
2026-04-03T15:15:48.114,       0.00,        0.00,       -0.02,       0.02
2026-04-03T15:15:48.630,       0.01,       -0.02,       -0.04,       0.05
2026-04-03T15:15:49.132,       0.01,       -0.04,       -0.04,       0.05
2026-04-03T15:15:49.649,       0.01,       -0.00,       -0.03,       0.03
2026-04-03T15:15:50.162,       0.01,        0.02,       -0.02,       0.03
2026-04-03T15:15:50.678,      -0.00,       -0.00,       -0.03,       0.03
2026-04-03T15:15:51.180,      -0.00,       -0.02,       -0.01,       0.03
2026-04-03T15:15:51.697,      -0.00,       -0.00,       -0.06,       0.06
2026-04-03T15:15:52.210,       0.00,       -0.00,       -0.02,       0.02
2026-04-03T15:15:52.725,      -0.01,       -0.02,       -0.04,       0.05
2026-04-03T15:15:53.227,      -0.00,        0.00,        0.00,       0.00
2026-04-03T15:15:53.744,      -0.01,       -0.01,       -0.03,       0.03
2026-04-03T15:15:54.257,      -0.01,       -0.00,       -0.03,       0.03
2026-04-03T15:15:54.773,      -0.01,       -0.02,       -0.02,       0.03
2026-04-03T15:15:55.275,      -0.00,        0.01,       -0.04,       0.04
2026-04-03T15:15:55.792,      -0.00,       -0.01,       -0.05,       0.05
2026-04-03T15:15:56.305,       0.00,       -0.01,       -0.05,       0.05
2026-04-03T15:15:56.821,      -0.00,       -0.00,       -0.03,       0.03
2026-04-03T15:15:57.338,      -0.01,       -0.00,        0.01,       0.01
2026-04-03T15:15:57.856,       0.00,       -0.00,        0.01,       0.01
2026-04-03T15:15:58.420,       0.01,       -0.01,       -0.02,       0.02
2026-04-03T15:15:58.971,      -0.01,       -0.01,       -0.02,       0.03
2026-04-03T15:15:59.488,      -0.00,       -0.01,       -0.05,       0.05
2026-04-03T15:16:00.001,      -0.00,       -0.01,       -0.01,       0.01
2026-04-03T15:16:00.517,      -0.00,       -0.00,        0.00,       0.00
2026-04-03T15:16:01.034,      -0.00,       -0.01,       -0.02,       0.03
2026-04-03T15:16:01.536,      -0.00,        0.00,       -0.05,       0.05
2026-04-03T15:16:02.050,      -0.00,        0.00,       -0.05,       0.05
2026-04-03T15:16:02.565,      -0.00,        0.00,       -0.02,       0.02
2026-04-03T15:16:03.082,      -0.01,        0.03,       -0.01,       0.03
2026-04-03T15:16:03.600,      -0.01,        0.01,       -0.03,       0.03
2026-04-03T15:16:04.117,      -0.00,       -0.01,       -0.02,       0.03
2026-04-03T15:16:04.633,      -0.00,       -0.01,        0.02,       0.02
2026-04-03T15:16:05.179,       0.00,       -0.03,       -0.05,       0.06
2026-04-03T15:16:05.698,       0.00,       -0.01,       -0.03,       0.03
2026-04-03T15:16:06.211,      -0.01,       -0.02,       -0.00,       0.02
2026-04-03T15:16:06.728,       0.00,       -0.01,       -0.04,       0.04
2026-04-03T15:16:07.243,      -0.00,       -0.02,       -0.05,       0.06
2026-04-03T15:16:07.762,      -0.01,        0.02,       -0.01,       0.02
2026-04-03T15:16:08.279,      -0.00,        0.02,       -0.04,       0.05
2026-04-03T15:16:08.842,       0.00,       -0.02,       -0.03,       0.04
2026-04-03T15:16:09.393,       0.00,       -0.04,       -0.08,       0.09
2026-04-03T15:16:09.909,       0.01,       -0.01,       -0.01,       0.01
2026-04-03T15:16:10.427,      -0.00,       -0.01,       -0.00,       0.01
2026-04-03T15:16:10.939,       0.00,       -0.01,       -0.05,       0.05
2026-04-03T15:16:11.442,       0.00,       -0.00,       -0.02,       0.02
2026-04-03T15:16:11.958,      -0.01,        0.00,       -0.01,       0.01
2026-04-03T15:16:12.472,      -0.00,        0.00,       -0.00,       0.00
2026-04-03T15:16:12.988,      -0.01,        0.00,       -0.03,       0.03
2026-04-03T15:16:13.503,      -0.00,       -0.01,       -0.04,       0.04
2026-04-03T15:16:14.020,      -0.01,       -0.00,        0.02,       0.02
2026-04-03T15:16:14.539,      -0.01,        0.02,       -0.01,       0.03
2026-04-03T15:16:15.101,      -0.00,        0.01,       -0.06,       0.06
2026-04-03T15:16:15.604,       0.01,       -0.02,       -0.02,       0.03
2026-04-03T15:16:16.121,      -0.01,       -0.01,        0.00,       0.01
2026-04-03T15:16:16.633,      -0.02,       -0.00,       -0.03,       0.04
2026-04-03T15:16:17.149,      -0.01,       -0.01,       -0.05,       0.06
2026-04-03T15:16:17.667,      -0.00,        0.02,        0.01,       0.03
2026-04-03T15:16:18.185,       0.01,        0.00,       -0.01,       0.01
2026-04-03T15:16:18.701,      -0.01,        0.03,       -0.01,       0.04
2026-04-03T15:16:19.218,      -0.02,        0.01,       -0.01,       0.02
2026-04-03T15:16:19.765,      -0.01,       -0.01,       -0.03,       0.04
2026-04-03T15:16:20.283,      -0.01,       -0.01,       -0.07,       0.07
2026-04-03T15:16:20.798,      -0.00,       -0.00,       -0.02,       0.02
2026-04-03T15:16:21.312,       0.01,       -0.02,       -0.05,       0.05
2026-04-03T15:16:21.865,       0.00,       -0.01,        0.02,       0.02
2026-04-03T15:16:22.380,      -0.00,       -0.01,       -0.01,       0.02
2026-04-03T15:16:22.893,      -0.00,        0.01,        0.02,       0.02
2026-04-03T15:16:23.411,      -0.01,       -0.00,       -0.03,       0.03
2026-04-03T15:16:23.926,       0.01,       -0.04,       -0.06,       0.07
2026-04-03T15:16:24.445,      -0.00,       -0.01,       -0.02,       0.02
2026-04-03T15:16:24.962,       0.01,        0.02,        0.01,       0.02
2026-04-03T15:16:25.475,      -0.01,        0.01,       -0.05,       0.05
2026-04-03T15:16:25.990,      -0.01,        0.00,       -0.02,       0.02
2026-04-03T15:16:26.507,      -0.01,        0.03,        0.02,       0.03
2026-04-03T15:16:27.009,       0.00,        0.01,        0.01,       0.01
2026-04-03T15:16:27.522,      -0.00,       -0.01,       -0.05,       0.06
2026-04-03T15:16:28.038,       0.00,       -0.01,       -0.02,       0.02
2026-04-03T15:16:28.554,       0.00,       -0.00,       -0.03,       0.03
2026-04-03T15:16:29.073,      -0.00,       -0.02,       -0.00,       0.02
2026-04-03T15:16:29.589,      -0.00,       -0.01,       -0.01,       0.02
2026-04-03T15:16:30.106,      -0.00,       -0.00,       -0.00,       0.00
2026-04-03T15:16:30.109,        NaN,         NaN,         NaN,        NaN
2026-04-03T15:16:30.653,      -0.00,       -0.00,       -0.00,       0.00
2026-04-03T15:16:31.171,       0.01,       -0.03,       -0.06,       0.07
2026-04-03T15:16:31.687,      -0.01,        0.01,        0.01,       0.02
2026-04-03T15:16:32.201,      -0.00,        0.00,       -0.04,       0.04
2026-04-03T15:16:32.753,       0.00,       -0.00,       -0.03,       0.03
2026-04-03T15:16:33.269,      -0.01,       -0.00,       -0.02,       0.02
2026-04-03T15:16:33.818,       0.01,        0.00,       -0.01,       0.01
2026-04-03T15:16:34.334,       0.00,       -0.00,       -0.01,       0.01
2026-04-03T15:16:34.881,      -0.01,        0.01,       -0.02,       0.02
2026-04-03T15:16:35.398,      -0.00,       -0.02,       -0.07,       0.06
2026-04-03T15:16:35.916,       0.01,       -0.00,       -0.03,       0.03
2026-04-03T15:16:36.461,      -0.00,        0.00,       -0.04,       0.03
2026-04-03T15:16:36.978,      -0.00,       -0.02,       -0.02,       0.03
2026-04-03T15:16:37.498,       0.00,       -0.02,       -0.03,       0.04
2026-04-03T15:16:38.045,      -0.01,        0.01,       -0.05,       0.05
2026-04-03T15:16:38.560,      -0.00,       -0.01,       -0.02,       0.02
2026-04-03T15:16:39.060,       0.00,        0.00,        0.00,       0.01
2026-04-03T15:16:39.576,       0.01,       -0.01,       -0.00,       0.01
2026-04-03T15:16:40.093,       0.00,       -0.01,        0.02,       0.03
2026-04-03T15:16:40.596,      -0.02,       -0.01,       -0.00,       0.02
2026-04-03T15:16:41.157,       0.00,       -0.02,        0.00,       0.02
2026-04-03T15:16:41.660,      -0.01,        0.01,        0.03,       0.04
2026-04-03T15:16:42.175,      -0.00,        0.00,       -0.02,       0.02
2026-04-03T15:16:42.692,       0.00,       -0.01,        0.01,       0.02
2026-04-03T15:16:43.239,      -0.00,        0.00,       -0.05,       0.04
2026-04-03T15:16:43.758,      -0.01,        0.01,       -0.02,       0.02
2026-04-03T15:16:44.271,       0.00,       -0.00,       -0.03,       0.02
2026-04-03T15:16:44.788,      -0.01,        0.01,       -0.00,       0.02
2026-04-03T15:16:45.291,      -0.02,        0.01,       -0.04,       0.04
2026-04-03T15:16:45.806,      -0.01,       -0.01,       -0.03,       0.03
2026-04-03T15:16:46.351,      -0.01,       -0.00,       -0.04,       0.04
2026-04-03T15:16:46.871,       0.00,       -0.01,       -0.00,       0.01
2026-04-03T15:16:47.388,      -0.00,       -0.00,       -0.02,       0.02
2026-04-03T15:16:47.951,      -0.01,        0.01,       -0.00,       0.01
2026-04-03T15:16:48.452,      -0.01,        0.01,       -0.02,       0.02
2026-04-03T15:16:48.968,      -0.01,       -0.02,       -0.03,       0.03
2026-04-03T15:16:49.485,      -0.01,       -0.01,       -0.04,       0.04
2026-04-03T15:16:49.998,      -0.00,       -0.01,       -0.03,       0.03
2026-04-03T15:16:50.500,      -0.01,        0.00,       -0.02,       0.02
2026-04-03T15:16:51.017,       0.01,       -0.03,       -0.06,       0.06
2026-04-03T15:16:51.534,      -0.01,       -0.02,       -0.08,       0.07
2026-04-03T15:16:52.046,      -0.02,       -0.01,       -0.06,       0.06
2026-04-03T15:16:52.549,      -0.01,        0.02,        0.02,       0.03
2026-04-03T15:16:53.064,       0.01,        0.01,        0.02,       0.03
2026-04-03T15:16:53.581,      -0.02,       -0.02,       -0.02,       0.02
2026-04-03T15:16:54.093,      -0.01,       -0.01,       -0.00,       0.01
2026-04-03T15:16:54.596,      -0.00,       -0.00,       -0.05,       0.05
2026-04-03T15:16:55.112,       0.00,       -0.00,       -0.02,       0.02
2026-04-03T15:16:55.676,      -0.01,        0.01,       -0.03,       0.03
2026-04-03T15:16:56.179,      -0.01,       -0.02,       -0.03,       0.03
2026-04-03T15:16:56.693,      -0.01,       -0.01,       -0.03,       0.03
2026-04-03T15:16:57.207,      -0.01,        0.01,       -0.03,       0.03
2026-04-03T15:16:57.725,      -0.01,        0.02,        0.01,       0.03
2026-04-03T15:16:58.240,       0.00,       -0.02,       -0.02,       0.03
2026-04-03T15:16:58.759,       0.00,       -0.00,       -0.01,       0.01
2026-04-03T15:16:59.325,      -0.02,        0.02,       -0.01,       0.02
2026-04-03T15:16:59.871,      -0.01,       -0.01,       -0.00,       0.01
2026-04-03T15:17:00.390,      -0.00,       -0.01,       -0.01,       0.01
2026-04-03T15:17:00.906,      -0.01,        0.01,       -0.02,       0.02
2026-04-03T15:17:01.421,      -0.01,       -0.01,       -0.07,       0.06
2026-04-03T15:17:01.973,      -0.01,        0.00,       -0.02,       0.02
2026-04-03T15:17:02.488,      -0.00,        0.00,       -0.03,       0.03
2026-04-03T15:17:03.001,       0.00,       -0.02,       -0.03,       0.03
2026-04-03T15:17:03.517,       0.00,       -0.02,       -0.03,       0.04
2026-04-03T15:17:04.033,      -0.01,       -0.01,       -0.00,       0.01
2026-04-03T15:17:04.552,      -0.01,       -0.01,        0.03,       0.04
2026-04-03T15:17:05.069,      -0.01,        0.02,        0.00,       0.02
2026-04-03T15:17:05.616,       0.00,        0.01,       -0.03,       0.02
2026-04-03T15:17:06.134,      -0.01,       -0.02,       -0.01,       0.02
2026-04-03T15:17:06.650,      -0.01,       -0.01,       -0.05,       0.05
2026-04-03T15:17:07.197,       0.00,       -0.02,       -0.03,       0.04
2026-04-03T15:17:07.716,      -0.01,        0.01,       -0.02,       0.02
2026-04-03T15:17:08.231,      -0.00,        0.01,       -0.01,       0.01
2026-04-03T15:17:08.745,      -0.00,        0.00,       -0.04,       0.04
2026-04-03T15:17:09.261,      -0.01,        0.01,       -0.04,       0.04
2026-04-03T15:17:09.765,      -0.01,        0.01,       -0.03,       0.03
2026-04-03T15:17:10.279,      -0.00,        0.00,       -0.04,       0.03
2026-04-03T15:17:10.793,       0.00,       -0.01,        0.00,       0.01
2026-04-03T15:17:11.310,      -0.01,       -0.01,       -0.01,       0.02
2026-04-03T15:17:11.825,      -0.01,        0.00,       -0.01,       0.01
2026-04-03T15:17:12.345,      -0.01,       -0.00,       -0.03,       0.03
2026-04-03T15:17:12.891,       0.01,       -0.01,       -0.05,       0.05
2026-04-03T15:17:13.408,      -0.00,       -0.03,       -0.06,       0.07
2026-04-03T15:17:13.925,      -0.01,       -0.01,       -0.03,       0.03
2026-04-03T15:17:14.442,      -0.01,       -0.01,       -0.07,       0.07
2026-04-03T15:17:14.958,      -0.01,       -0.01,       -0.05,       0.04
2026-04-03T15:17:15.505,      -0.02,       -0.03,       -0.08,       0.08
2026-04-03T15:17:16.023,      -0.01,       -0.03,       -0.02,       0.04
2026-04-03T15:17:16.539,      -0.01,        0.01,       -0.03,       0.03
2026-04-03T15:17:17.054,      -0.02,       -0.01,       -0.07,       0.07
2026-04-03T15:17:17.569,      -0.02,        0.00,       -0.03,       0.03
2026-04-03T15:17:18.085,      -0.02,       -0.03,       -0.01,       0.04
2026-04-03T15:17:18.585,      -0.00,       -0.02,       -0.06,       0.06
2026-04-03T15:17:19.102,      -0.00,       -0.01,       -0.02,       0.02
2026-04-03T15:17:19.617,       0.01,       -0.03,       -0.04,       0.05
2026-04-03T15:17:20.132,      -0.00,        0.01,        0.01,       0.02
2026-04-03T15:17:20.652,      -0.00,       -0.01,       -0.06,       0.05
2026-04-03T15:17:21.167,      -0.02,       -0.02,       -0.09,       0.08
2026-04-03T15:17:21.681,      -0.04,       -0.02,       -0.04,       0.06
2026-04-03T15:17:22.184,      -0.03,       -0.01,       -0.04,       0.04
2026-04-03T15:17:22.700,      -0.02,       -0.01,       -0.06,       0.06
2026-04-03T15:17:23.215,      -0.01,       -0.01,       -0.05,       0.05
2026-04-03T15:17:23.729,      -0.03,       -0.01,       -0.05,       0.06
2026-04-03T15:17:24.231,      -0.03,       -0.01,       -0.05,       0.06
2026-04-03T15:17:24.749,      -0.03,       -0.02,       -0.12,       0.12
2026-04-03T15:17:25.295,      -0.04,       -0.03,       -0.07,       0.08
2026-04-03T15:17:25.813,      -0.02,       -0.01,       -0.03,       0.03
2026-04-03T15:17:26.329,      -0.01,       -0.02,       -0.07,       0.07
2026-04-03T15:17:26.893,      -0.01,       -0.01,       -0.05,       0.05
2026-04-03T15:17:27.446,      -0.01,       -0.02,       -0.04,       0.04
2026-04-03T15:17:27.960,      -0.01,       -0.01,       -0.05,       0.05
2026-04-03T15:17:28.474,      -0.02,       -0.02,       -0.06,       0.06
2026-04-03T15:17:28.991,      -0.01,       -0.03,       -0.05,       0.05
2026-04-03T15:17:29.493,      -0.01,       -0.03,       -0.04,       0.05
2026-04-03T15:17:30.009,      -0.02,       -0.02,       -0.06,       0.06
2026-04-03T15:17:30.522,      -0.02,       -0.00,       -0.03,       0.03
2026-04-03T15:17:31.039,      -0.02,       -0.00,       -0.05,       0.05
2026-04-03T15:17:31.540,      -0.01,       -0.01,       -0.05,       0.04
2026-04-03T15:17:32.055,      -0.02,       -0.00,       -0.05,       0.05
2026-04-03T15:17:32.569,      -0.01,       -0.01,       -0.03,       0.02
2026-04-03T15:17:33.086,      -0.02,       -0.03,       -0.04,       0.05
2026-04-03T15:17:33.601,      -0.02,       -0.02,       -0.03,       0.04
2026-04-03T15:17:34.120,      -0.00,       -0.01,       -0.06,       0.06
2026-04-03T15:17:34.638,      -0.01,       -0.02,       -0.06,       0.06
2026-04-03T15:17:35.184,      -0.01,       -0.01,       -0.06,       0.06
2026-04-03T15:17:35.703,      -0.02,       -0.02,       -0.06,       0.06
2026-04-03T15:17:36.218,      -0.01,       -0.02,       -0.05,       0.06
2026-04-03T15:17:36.736,      -0.03,       -0.01,       -0.04,       0.05
2026-04-03T15:17:37.247,      -0.01,        0.01,       -0.04,       0.04
2026-04-03T15:17:37.750,      -0.02,       -0.02,       -0.05,       0.05
2026-04-03T15:17:38.266,      -0.02,       -0.02,       -0.04,       0.05
2026-04-03T15:17:38.780,      -0.01,       -0.00,       -0.05,       0.05
2026-04-03T15:17:39.295,      -0.01,       -0.01,       -0.03,       0.03
2026-04-03T15:17:39.932,      -0.00,       -0.01,       -0.04,       0.03
2026-04-03T15:17:40.461,      -0.01,        0.00,       -0.02,       0.02
2026-04-03T15:17:40.977,      -0.00,        0.00,       -0.07,       0.07
2026-04-03T15:17:41.496,      -0.01,        0.02,       -0.07,       0.07
2026-04-03T15:17:42.012,      -0.02,       -0.01,       -0.01,       0.02
2026-04-03T15:17:42.559,      -0.02,       -0.02,       -0.03,       0.04
2026-04-03T15:17:43.079,      -0.02,       -0.01,       -0.05,       0.04
2026-04-03T15:17:43.593,      -0.02,        0.00,       -0.00,       0.02
2026-04-03T15:17:44.107,      -0.02,        0.00,       -0.02,       0.02
2026-04-03T15:17:44.610,      -0.02,       -0.00,       -0.02,       0.02
2026-04-03T15:17:45.127,      -0.01,       -0.01,       -0.03,       0.03
2026-04-03T15:17:45.642,       0.00,       -0.04,       -0.06,       0.06
2026-04-03T15:17:46.156,      -0.01,       -0.01,       -0.05,       0.04
2026-04-03T15:17:46.658,      -0.02,        0.01,       -0.04,       0.04
2026-04-03T15:17:47.175,      -0.00,       -0.02,       -0.07,       0.07
2026-04-03T15:17:47.689,       0.01,       -0.02,       -0.07,       0.07
2026-04-03T15:17:48.203,      -0.00,       -0.02,       -0.06,       0.05
2026-04-03T15:17:48.705,      -0.01,       -0.02,       -0.06,       0.06
2026-04-03T15:17:49.222,      -0.02,        0.01,       -0.02,       0.03
2026-04-03T15:17:49.735,      -0.01,       -0.02,       -0.04,       0.05
2026-04-03T15:17:50.250,      -0.01,       -0.02,       -0.04,       0.05
2026-04-03T15:17:50.754,      -0.02,       -0.02,       -0.06,       0.06
2026-04-03T15:17:51.270,      -0.01,       -0.01,       -0.02,       0.02
2026-04-03T15:17:51.783,      -0.01,       -0.03,       -0.04,       0.05
2026-04-03T15:17:52.299,      -0.01,       -0.01,       -0.02,       0.02
2026-04-03T15:17:52.801,      -0.02,       -0.00,       -0.02,       0.02
2026-04-03T15:17:53.319,      -0.01,       -0.01,       -0.04,       0.04
2026-04-03T15:17:53.831,      -0.00,       -0.02,       -0.02,       0.03
2026-04-03T15:17:54.330,      -0.00,       -0.02,       -0.02,       0.02
2026-04-03T15:17:54.850,      -0.02,       -0.01,       -0.07,       0.07
2026-04-03T15:17:55.366,      -0.02,       -0.01,       -0.06,       0.06
2026-04-03T15:17:55.878,      -0.02,       -0.02,       -0.07,       0.07
2026-04-03T15:17:56.394,      -0.03,       -0.01,       -0.07,       0.07
2026-04-03T15:17:56.897,      -0.01,       -0.00,       -0.05,       0.05
2026-04-03T15:17:57.413,       0.00,       -0.02,       -0.05,       0.05
2026-04-03T15:17:57.926,      -0.01,       -0.01,       -0.02,       0.02
2026-04-03T15:17:58.442,      -0.01,        0.00,       -0.04,       0.04
2026-04-03T15:17:58.945,      -0.00,        0.00,       -0.07,       0.07
2026-04-03T15:17:59.462,      -0.00,       -0.03,       -0.07,       0.07
2026-04-03T15:17:59.974,       0.00,       -0.02,       -0.01,       0.02
2026-04-03T15:18:00.476,      -0.01,       -0.00,       -0.07,       0.06
2026-04-03T15:18:00.993,      -0.01,       -0.02,       -0.05,       0.05
2026-04-03T15:18:01.539,      -0.01,       -0.03,       -0.03,       0.04
2026-04-03T15:18:02.056,      -0.02,       -0.01,       -0.07,       0.07
2026-04-03T15:18:02.558,      -0.01,       -0.03,       -0.05,       0.06
2026-04-03T15:18:03.070,      -0.01,       -0.01,       -0.02,       0.02
2026-04-03T15:18:03.586,      -0.00,       -0.01,       -0.05,       0.04
2026-04-03T15:18:04.103,      -0.01,       -0.01,       -0.02,       0.01
2026-04-03T15:18:04.603,      -0.02,        0.01,       -0.03,       0.04
2026-04-03T15:18:05.118,      -0.01,       -0.00,       -0.02,       0.02
2026-04-03T15:18:05.634,      -0.02,       -0.03,       -0.06,       0.06
2026-04-03T15:18:06.137,      -0.01,        0.01,       -0.04,       0.03
2026-04-03T15:18:06.651,      -0.01,       -0.01,       -0.05,       0.04
2026-04-03T15:18:07.166,      -0.01,       -0.00,       -0.05,       0.05
2026-04-03T15:18:07.682,      -0.01,       -0.02,       -0.02,       0.03
2026-04-03T15:18:08.202,      -0.02,        0.00,       -0.05,       0.05
2026-04-03T15:18:08.766,      -0.02,        0.00,       -0.02,       0.03
2026-04-03T15:18:09.316,      -0.01,        0.00,        0.01,       0.02
2026-04-03T15:18:09.832,      -0.00,       -0.02,       -0.04,       0.04
2026-04-03T15:18:10.350,      -0.01,       -0.01,       -0.05,       0.05
2026-04-03T15:18:10.862,      -0.01,       -0.02,       -0.04,       0.04
2026-04-03T15:18:11.365,      -0.00,       -0.01,       -0.05,       0.05
2026-04-03T15:18:11.880,      -0.00,       -0.03,       -0.01,       0.03
2026-04-03T15:18:12.398,       0.00,       -0.01,       -0.03,       0.03
2026-04-03T15:18:12.944,      -0.01,       -0.03,       -0.05,       0.05
2026-04-03T15:18:13.463,      -0.01,       -0.02,       -0.12,       0.12
2026-04-03T15:18:13.976,      -0.00,       -0.02,       -0.03,       0.03
2026-04-03T15:18:14.492,      -0.00,       -0.00,       -0.07,       0.06
2026-04-03T15:18:15.007,      -0.00,       -0.02,       -0.05,       0.05
2026-04-03T15:18:15.509,      -0.01,       -0.02,       -0.02,       0.03
2026-04-03T15:18:16.023,      -0.01,       -0.01,       -0.02,       0.02
2026-04-03T15:18:16.540,      -0.01,        0.00,       -0.04,       0.04
2026-04-03T15:18:17.055,      -0.01,       -0.01,       -0.04,       0.04
2026-04-03T15:18:17.558,      -0.02,       -0.02,       -0.04,       0.05
2026-04-03T15:18:18.071,      -0.02,       -0.02,       -0.04,       0.04
2026-04-03T15:18:18.588,      -0.02,       -0.02,       -0.08,       0.07
2026-04-03T15:18:19.091,      -0.01,       -0.01,       -0.06,       0.06
2026-04-03T15:18:19.606,       0.00,       -0.01,       -0.06,       0.06
2026-04-03T15:18:20.120,      -0.00,       -0.02,       -0.03,       0.03
2026-04-03T15:18:20.672,      -0.01,       -0.02,       -0.01,       0.03
2026-04-03T15:18:21.189,      -0.01,        0.00,       -0.03,       0.02
2026-04-03T15:18:21.701,      -0.01,       -0.00,       -0.03,       0.03
2026-04-03T15:18:22.253,      -0.01,        0.01,       -0.01,       0.01
2026-04-03T15:18:22.769,      -0.01,       -0.02,        0.01,       0.03
2026-04-03T15:18:23.288,      -0.02,        0.00,       -0.02,       0.02
2026-04-03T15:18:23.799,      -0.00,        0.01,       -0.01,       0.01
2026-04-03T15:18:24.301,      -0.01,       -0.02,       -0.02,       0.03
2026-04-03T15:18:24.817,      -0.03,       -0.03,       -0.00,       0.04
2026-04-03T15:18:25.364,      -0.01,       -0.00,       -0.06,       0.05
2026-04-03T15:18:25.883,      -0.02,       -0.01,       -0.03,       0.03
2026-04-03T15:18:26.430,       0.01,       -0.02,       -0.05,       0.05
2026-04-03T15:18:26.945,      -0.02,       -0.02,       -0.02,       0.03
2026-04-03T15:18:27.447,      -0.02,       -0.00,       -0.06,       0.06
2026-04-03T15:18:27.833,        NaN,         NaN,         NaN,        NaN
2026-04-03T15:18:27.961,      -0.02,       -0.01,       -0.04,       0.04
2026-04-03T15:18:28.463,      -0.00,       -0.01,       -0.00,       0.01
2026-04-03T15:18:28.980,      -0.00,       -0.01,        0.00,       0.01
2026-04-03T15:18:29.526,      -0.01,       -0.01,       -0.04,       0.04
2026-04-03T15:18:30.045,      -0.00,       -0.01,       -0.01,       0.01
2026-04-03T15:18:30.592,      -0.01,       -0.01,        0.03,       0.04
2026-04-03T15:18:31.108,      -0.01,       -0.00,       -0.02,       0.02
2026-04-03T15:18:31.611,      -0.00,       -0.01,       -0.04,       0.04
2026-04-03T15:18:32.126,      -0.01,       -0.01,       -0.05,       0.04
2026-04-03T15:18:32.638,       0.00,       -0.02,       -0.07,       0.07
2026-04-03T15:18:33.142,      -0.01,       -0.02,       -0.07,       0.07
2026-04-03T15:18:33.657,      -0.00,       -0.01,       -0.05,       0.05
2026-04-03T15:18:34.171,      -0.01,        0.01,       -0.07,       0.07
2026-04-03T15:18:34.671,      -0.01,       -0.03,       -0.04,       0.05
2026-04-03T15:18:35.189,      -0.00,       -0.03,       -0.06,       0.06
2026-04-03T15:18:35.705,      -0.01,       -0.02,       -0.05,       0.05
2026-04-03T15:18:36.255,      -0.02,       -0.03,       -0.10,       0.10
2026-04-03T15:18:36.772,      -0.02,        0.00,       -0.02,       0.02
2026-04-03T15:18:37.319,      -0.01,       -0.01,       -0.04,       0.04
2026-04-03T15:18:37.832,      -0.01,       -0.02,       -0.07,       0.07
2026-04-03T15:18:38.333,      -0.01,       -0.01,        0.00,       0.01
2026-04-03T15:18:38.849,       0.01,       -0.04,       -0.05,       0.06
2026-04-03T15:18:39.365,      -0.01,       -0.00,       -0.07,       0.06
2026-04-03T15:18:39.868,      -0.01,        0.00,       -0.05,       0.05
2026-04-03T15:18:40.381,      -0.00,       -0.01,       -0.02,       0.02
2026-04-03T15:18:40.934,      -0.01,       -0.02,       -0.03,       0.04
2026-04-03T15:18:41.449,      -0.01,       -0.02,       -0.04,       0.04
2026-04-03T15:18:41.995,      -0.00,       -0.02,       -0.04,       0.04
2026-04-03T15:18:42.513,      -0.01,       -0.00,       -0.03,       0.03
2026-04-03T15:18:43.031,      -0.02,        0.00,       -0.04,       0.04
2026-04-03T15:18:43.577,      -0.03,        0.00,       -0.01,       0.03
2026-04-03T15:18:44.096,      -0.02,       -0.02,       -0.02,       0.03
2026-04-03T15:18:44.613,      -0.01,       -0.01,       -0.05,       0.05
2026-04-03T15:18:45.160,      -0.00,       -0.01,       -0.06,       0.05
2026-04-03T15:18:45.678,      -0.02,        0.01,       -0.01,       0.02
2026-04-03T15:18:46.195,      -0.01,       -0.02,       -0.02,       0.02
2026-04-03T15:18:46.741,      -0.02,       -0.01,       -0.02,       0.03
2026-04-03T15:18:47.259,      -0.01,       -0.02,       -0.07,       0.07
2026-04-03T15:18:47.776,      -0.02,       -0.02,       -0.04,       0.05
2026-04-03T15:18:48.322,      -0.02,       -0.01,       -0.06,       0.06
2026-04-03T15:18:48.841,      -0.02,        0.01,       -0.04,       0.04
2026-04-03T15:18:49.408,      -0.02,       -0.00,       -0.08,       0.07
2026-04-03T15:18:49.955,      -0.01,       -0.03,       -0.06,       0.06
2026-04-03T15:18:50.474,      -0.01,       -0.01,       -0.06,       0.06
2026-04-03T15:18:51.019,      -0.01,       -0.03,       -0.04,       0.04
2026-04-03T15:18:51.535,      -0.01,        0.00,       -0.01,       0.01
2026-04-03T15:18:52.055,      -0.03,       -0.01,       -0.05,       0.05
2026-04-03T15:18:52.603,      -0.02,       -0.01,       -0.02,       0.03
2026-04-03T15:18:53.117,      -0.01,       -0.02,       -0.07,       0.07
2026-04-03T15:18:53.637,      -0.01,       -0.00,       -0.04,       0.04
2026-04-03T15:18:54.183,      -0.01,        0.00,       -0.03,       0.03
2026-04-03T15:18:54.700,      -0.01,       -0.00,       -0.08,       0.07
2026-04-03T15:18:55.203,      -0.02,       -0.02,       -0.06,       0.06
2026-04-03T15:18:55.714,      -0.00,       -0.03,       -0.08,       0.08
2026-04-03T15:18:56.231,      -0.01,       -0.02,       -0.06,       0.06
2026-04-03T15:18:56.733,      -0.02,        0.01,       -0.03,       0.03
2026-04-03T15:18:57.250,      -0.01,       -0.01,       -0.04,       0.04
2026-04-03T15:18:57.796,      -0.00,       -0.01,       -0.04,       0.04
2026-04-03T15:18:58.315,      -0.01,       -0.00,       -0.05,       0.04
2026-04-03T15:18:58.878,      -0.02,       -0.03,       -0.04,       0.05
2026-04-03T15:18:59.380,      -0.00,       -0.01,       -0.02,       0.02
2026-04-03T15:18:59.897,      -0.01,       -0.01,       -0.05,       0.04
2026-04-03T15:19:00.444,      -0.01,       -0.02,       -0.06,       0.06
2026-04-03T15:19:00.827,        NaN,         NaN,         NaN,        NaN
2026-04-03T15:19:00.962,      -0.02,       -0.01,       -0.05,       0.05
2026-04-03T15:19:01.508,      -0.01,        0.01,       -0.06,       0.06
2026-04-03T15:19:02.024,      -0.01,        0.00,       -0.05,       0.05
2026-04-03T15:19:02.527,       0.00,       -0.02,        0.00,       0.02
2026-04-03T15:19:03.044,      -0.02,       -0.02,       -0.03,       0.04
2026-04-03T15:19:03.594,      -0.01,       -0.01,       -0.04,       0.04
2026-04-03T15:19:04.109,       0.00,       -0.02,       -0.06,       0.06
2026-04-03T15:19:04.622,      -0.01,       -0.02,       -0.03,       0.03
2026-04-03T15:19:05.174,      -0.01,       -0.01,       -0.04,       0.04
2026-04-03T15:19:05.691,      -0.02,       -0.02,       -0.04,       0.04
2026-04-03T15:19:06.238,      -0.02,       -0.02,       -0.06,       0.06
2026-04-03T15:19:06.756,      -0.01,       -0.05,       -0.10,       0.11
2026-04-03T15:19:07.303,      -0.01,        0.01,       -0.06,       0.06
2026-04-03T15:19:07.818,      -0.01,       -0.02,       -0.04,       0.04
2026-04-03T15:19:08.320,      -0.01,       -0.03,       -0.04,       0.05
2026-04-03T15:19:08.836,      -0.02,       -0.02,       -0.03,       0.04
2026-04-03T15:19:09.400,      -0.02,        0.01,       -0.05,       0.05
2026-04-03T15:19:09.903,      -0.02,        0.00,       -0.02,       0.02
2026-04-03T15:19:10.448,      -0.01,        0.01,       -0.04,       0.03
2026-04-03T15:19:10.968,      -0.01,       -0.02,       -0.04,       0.04
2026-04-03T15:19:11.515,      -0.01,       -0.02,       -0.05,       0.05
2026-04-03T15:19:12.031,      -0.01,       -0.03,       -0.07,       0.07
2026-04-03T15:19:12.535,      -0.01,       -0.03,       -0.05,       0.05
2026-04-03T15:19:13.047,      -0.01,       -0.00,       -0.05,       0.05
2026-04-03T15:19:13.549,      -0.02,        0.01,       -0.04,       0.04
2026-04-03T15:19:14.065,      -0.00,       -0.02,       -0.04,       0.04
2026-04-03T15:19:14.581,      -0.01,       -0.00,       -0.03,       0.03
2026-04-03T15:19:15.128,      -0.03,       -0.02,       -0.05,       0.06
2026-04-03T15:19:15.646,      -0.02,       -0.01,       -0.06,       0.06
2026-04-03T15:19:16.160,      -0.02,       -0.01,       -0.08,       0.08
2026-04-03T15:19:16.677,      -0.01,       -0.02,       -0.07,       0.07
2026-04-03T15:19:17.192,      -0.01,       -0.03,       -0.06,       0.07
2026-04-03T15:19:17.711,      -0.01,       -0.03,       -0.04,       0.04
2026-04-03T15:19:18.228,      -0.01,       -0.02,       -0.06,       0.06
2026-04-03T15:19:18.790,      -0.01,       -0.01,       -0.04,       0.04
2026-04-03T15:19:19.356,      -0.01,       -0.01,       -0.04,       0.03
2026-04-03T15:19:19.858,      -0.02,       -0.02,       -0.07,       0.07
2026-04-03T15:19:20.375,      -0.01,        0.01,       -0.02,       0.02
2026-04-03T15:19:20.888,      -0.01,       -0.01,       -0.05,       0.05
2026-04-03T15:19:21.391,      -0.01,       -0.01,       -0.03,       0.03
2026-04-03T15:19:21.906,      -0.00,       -0.01,       -0.03,       0.03
2026-04-03T15:19:22.421,      -0.01,       -0.01,       -0.08,       0.08
2026-04-03T15:19:22.936,      -0.00,        0.01,        0.01,       0.01
2026-04-03T15:19:23.452,      -0.01,       -0.00,        0.00,       0.01
2026-04-03T15:19:23.969,      -0.01,       -0.00,       -0.00,       0.01
2026-04-03T15:19:24.469,      -0.00,        0.00,       -0.03,       0.02
2026-04-03T15:19:24.984,       0.01,       -0.02,       -0.04,       0.04
2026-04-03T15:19:25.499,      -0.01,       -0.01,       -0.02,       0.02
2026-04-03T15:19:26.020,       0.01,       -0.02,       -0.05,       0.05
2026-04-03T15:19:26.567,       0.00,        0.01,       -0.00,       0.01
2026-04-03T15:19:27.081,      -0.00,       -0.01,       -0.04,       0.04
2026-04-03T15:19:27.600,      -0.02,        0.01,       -0.00,       0.02
2026-04-03T15:19:28.117,      -0.01,        0.00,       -0.02,       0.02
2026-04-03T15:19:28.630,      -0.01,        0.00,       -0.02,       0.02
2026-04-03T15:19:29.182,      -0.01,        0.00,       -0.05,       0.05
2026-04-03T15:19:29.698,      -0.00,        0.00,       -0.03,       0.02
2026-04-03T15:19:30.215,      -0.01,       -0.02,       -0.06,       0.06
2026-04-03T15:19:30.728,       0.00,       -0.02,       -0.07,       0.06
2026-04-03T15:19:31.243,      -0.01,        0.00,       -0.05,       0.05
2026-04-03T15:19:31.745,      -0.00,       -0.00,       -0.04,       0.04
2026-04-03T15:19:32.263,       0.00,       -0.01,       -0.06,       0.06
2026-04-03T15:19:32.776,      -0.01,       -0.03,       -0.03,       0.05
2026-04-03T15:19:33.291,      -0.02,       -0.02,       -0.04,       0.04
2026-04-03T15:19:33.809,      -0.02,       -0.00,       -0.02,       0.02
2026-04-03T15:19:34.326,      -0.00,       -0.02,       -0.03,       0.03
2026-04-03T15:19:34.843,      -0.01,       -0.01,       -0.01,       0.01
2026-04-03T15:19:35.357,       0.00,       -0.01,       -0.01,       0.01
2026-04-03T15:19:35.909,      -0.00,       -0.00,        0.01,       0.01
2026-04-03T15:19:36.424,      -0.01,       -0.00,       -0.02,       0.02
2026-04-03T15:19:36.937,      -0.00,        0.00,       -0.02,       0.02
2026-04-03T15:19:37.454,      -0.00,       -0.00,       -0.04,       0.03
2026-04-03T15:19:37.969,      -0.00,       -0.00,       -0.02,       0.02
2026-04-03T15:19:38.489,      -0.01,       -0.00,       -0.02,       0.01
2026-04-03T15:19:39.036,      -0.02,        0.00,       -0.05,       0.05
2026-04-03T15:19:39.552,      -0.02,        0.01,        0.01,       0.02
2026-04-03T15:19:40.071,      -0.00,        0.00,       -0.04,       0.04
2026-04-03T15:19:40.587,      -0.00,       -0.01,       -0.07,       0.06
2026-04-03T15:19:41.104,      -0.02,        0.00,       -0.03,       0.03
2026-04-03T15:19:41.617,      -0.01,       -0.02,       -0.01,       0.02
2026-04-03T15:19:42.131,       0.00,        0.00,        0.00,       0.01
2026-04-03T15:19:42.648,      -0.00,        0.00,        0.04,       0.04
2026-04-03T15:19:43.167,      -0.01,        0.01,       -0.00,       0.02
2026-04-03T15:19:43.731,      -0.01,        0.00,       -0.02,       0.02
2026-04-03T15:19:44.233,      -0.01,       -0.00,       -0.01,       0.01
2026-04-03T15:19:44.750,       0.01,       -0.02,       -0.03,       0.03
2026-04-03T15:19:45.265,       0.01,       -0.01,       -0.05,       0.05
2026-04-03T15:19:45.779,      -0.00,        0.01,       -0.00,       0.01
2026-04-03T15:19:46.296,      -0.00,       -0.01,       -0.03,       0.03
2026-04-03T15:19:46.810,       0.00,       -0.01,       -0.04,       0.04
2026-04-03T15:19:47.330,      -0.01,       -0.00,        0.00,       0.01
2026-04-03T15:19:47.846,      -0.01,        0.00,        0.00,       0.01
2026-04-03T15:19:48.358,      -0.01,        0.00,       -0.01,       0.01
2026-04-03T15:19:48.875,      -0.01,        0.01,       -0.02,       0.02
2026-04-03T15:19:49.377,      -0.02,        0.02,       -0.02,       0.03
2026-04-03T15:19:49.894,      -0.01,       -0.00,       -0.04,       0.04
2026-04-03T15:19:50.407,      -0.02,        0.01,       -0.00,       0.02
2026-04-03T15:19:50.923,      -0.01,       -0.01,       -0.02,       0.02
2026-04-03T15:19:51.425,      -0.00,       -0.02,       -0.04,       0.04
2026-04-03T15:19:51.942,      -0.01,        0.01,       -0.05,       0.04
2026-04-03T15:19:52.455,      -0.00,        0.02,       -0.04,       0.04
2026-04-03T15:19:52.971,      -0.00,        0.01,       -0.02,       0.02
2026-04-03T15:19:53.488,      -0.01,       -0.01,       -0.08,       0.08
2026-04-03T15:19:54.007,       0.00,       -0.01,       -0.04,       0.04
2026-04-03T15:19:54.522,       0.01,       -0.01,        0.00,       0.01
2026-04-03T15:19:55.038,       0.00,        0.00,       -0.02,       0.01
2026-04-03T15:19:55.551,       0.00,        0.01,       -0.03,       0.02
2026-04-03T15:19:56.067,       0.00,        0.00,       -0.02,       0.01
2026-04-03T15:19:56.584,      -0.01,       -0.00,        0.01,       0.01
2026-04-03T15:19:57.084,      -0.00,       -0.00,       -0.03,       0.03
2026-04-03T15:19:57.599,      -0.01,       -0.01,       -0.04,       0.03
2026-04-03T15:19:58.133,      -0.02,       -0.00,       -0.04,       0.04
2026-04-03T15:19:58.648,      -0.00,       -0.00,       -0.02,       0.02
2026-04-03T15:19:59.167,      -0.00,        0.00,       -0.01,       0.00
2026-04-03T15:19:59.685,      -0.01,       -0.02,       -0.01,       0.02
2026-04-03T15:20:00.200,       0.01,       -0.03,       -0.03,       0.04
2026-04-03T15:20:00.713,      -0.01,        0.00,        0.01,       0.02
2026-04-03T15:20:01.230,      -0.01,       -0.01,       -0.03,       0.03
2026-04-03T15:20:01.744,      -0.01,       -0.01,       -0.04,       0.04
2026-04-03T15:20:02.246,       0.01,       -0.02,       -0.05,       0.05
2026-04-03T15:20:02.760,      -0.01,       -0.01,       -0.01,       0.01
2026-04-03T15:20:03.277,      -0.01,       -0.01,       -0.02,       0.02
2026-04-03T15:20:03.792,      -0.01,       -0.01,       -0.05,       0.05
2026-04-03T15:20:04.311,      -0.00,       -0.03,       -0.04,       0.04
2026-04-03T15:20:04.844,       0.00,       -0.03,       -0.06,       0.06
2026-04-03T15:20:05.391,      -0.00,       -0.00,       -0.03,       0.03
2026-04-03T15:20:05.907,      -0.01,        0.01,        0.02,       0.03
2026-04-03T15:20:06.424,      -0.00,       -0.02,       -0.03,       0.03
2026-04-03T15:20:06.942,       0.00,       -0.03,       -0.04,       0.05
2026-04-03T15:20:07.458,      -0.01,        0.00,       -0.04,       0.03
2026-04-03T15:20:07.973,      -0.01,       -0.01,       -0.04,       0.04
2026-04-03T15:20:08.487,      -0.01,        0.01,       -0.01,       0.01
2026-04-03T15:20:09.003,      -0.01,        0.00,       -0.02,       0.02
2026-04-03T15:20:09.523,      -0.01,       -0.01,       -0.04,       0.04
2026-04-03T15:20:10.039,       0.00,        0.00,       -0.02,       0.01
2026-04-03T15:20:10.552,      -0.01,       -0.01,       -0.06,       0.05
2026-04-03T15:20:11.069,      -0.02,       -0.03,       -0.05,       0.05
2026-04-03T15:20:11.584,      -0.03,        0.00,        0.02,       0.04
2026-04-03T15:20:12.087,      -0.01,       -0.02,       -0.02,       0.02
2026-04-03T15:20:12.600,      -0.01,       -0.01,       -0.06,       0.06
2026-04-03T15:20:13.117,      -0.02,        0.01,       -0.05,       0.05
2026-04-03T15:20:13.632,      -0.01,       -0.02,       -0.03,       0.03
2026-04-03T15:20:14.152,       0.00,       -0.01,       -0.02,       0.02
2026-04-03T15:20:14.668,      -0.01,        0.01,       -0.02,       0.02
2026-04-03T15:20:15.180,      -0.01,        0.01,        0.00,       0.01
2026-04-03T15:20:15.696,      -0.00,       -0.02,       -0.04,       0.04
2026-04-03T15:20:16.213,      -0.01,       -0.02,       -0.05,       0.05
2026-04-03T15:20:16.732,      -0.01,        0.00,       -0.05,       0.05
2026-04-03T15:20:17.247,      -0.01,        0.01,       -0.06,       0.06
2026-04-03T15:20:17.765,      -0.00,       -0.00,       -0.04,       0.03
2026-04-03T15:20:18.277,      -0.01,       -0.01,       -0.05,       0.04
2026-04-03T15:20:18.794,      -0.02,       -0.02,       -0.06,       0.06
2026-04-03T15:20:19.311,      -0.01,       -0.01,       -0.08,       0.07
2026-04-03T15:20:19.829,       0.01,       -0.01,       -0.03,       0.03
2026-04-03T15:20:20.345,      -0.01,        0.01,       -0.07,       0.07
2026-04-03T15:20:20.861,       0.00,       -0.01,       -0.06,       0.05
2026-04-03T15:20:21.373,      -0.01,        0.00,       -0.05,       0.05
2026-04-03T15:20:21.889,      -0.01,       -0.00,       -0.05,       0.05
2026-04-03T15:20:22.406,      -0.00,       -0.00,       -0.03,       0.03
2026-04-03T15:20:22.926,      -0.01,       -0.02,       -0.04,       0.04
2026-04-03T15:20:23.438,      -0.00,       -0.01,       -0.05,       0.04
2026-04-03T15:20:23.955,      -0.00,       -0.01,       -0.01,       0.01
2026-04-03T15:20:24.470,      -0.00,       -0.03,       -0.07,       0.07
2026-04-03T15:20:24.990,      -0.01,       -0.02,       -0.06,       0.06
2026-04-03T15:20:25.536,      -0.01,        0.00,        0.00,       0.01
2026-04-03T15:20:26.054,      -0.01,        0.01,       -0.01,       0.02
2026-04-03T15:20:26.568,       0.00,       -0.01,       -0.01,       0.01
2026-04-03T15:20:27.101,       0.01,       -0.01,        0.01,       0.02
2026-04-03T15:20:27.620,       0.00,       -0.00,       -0.01,       0.01
2026-04-03T15:20:28.136,       0.01,        0.02,       -0.03,       0.04
2026-04-03T15:20:28.700,      -0.01,       -0.01,       -0.02,       0.02
2026-04-03T15:20:29.215,      -0.01,       -0.00,       -0.02,       0.02
2026-04-03T15:20:29.731,      -0.01,        0.01,       -0.04,       0.03
2026-04-03T15:20:30.252,      -0.01,        0.02,       -0.03,       0.03
2026-04-03T15:20:30.814,      -0.00,       -0.00,        0.00,       0.01
2026-04-03T15:20:31.329,       0.01,        0.00,       -0.04,       0.04
2026-04-03T15:20:31.847,       0.00,        0.01,        0.01,       0.02
2026-04-03T15:20:32.365,      -0.01,       -0.02,       -0.01,       0.02
2026-04-03T15:20:32.912,      -0.00,       -0.02,        0.00,       0.02
2026-04-03T15:20:33.446,      -0.02,       -0.02,       -0.04,       0.04
2026-04-03T15:20:33.961,       0.01,        0.00,       -0.02,       0.02
2026-04-03T15:20:34.477,      -0.01,       -0.01,       -0.04,       0.03
2026-04-03T15:20:34.997,      -0.00,       -0.02,       -0.01,       0.02
2026-04-03T15:20:35.559,       0.00,       -0.01,       -0.03,       0.03
2026-04-03T15:20:36.058,      -0.00,       -0.02,       -0.03,       0.04
2026-04-03T15:20:36.577,      -0.00,       -0.00,       -0.07,       0.07
2026-04-03T15:20:37.095,      -0.00,       -0.01,       -0.07,       0.06
2026-04-03T15:20:37.607,      -0.00,       -0.00,       -0.04,       0.04
2026-04-03T15:20:38.123,      -0.00,        0.01,       -0.02,       0.02
2026-04-03T15:20:38.640,      -0.01,       -0.00,       -0.02,       0.02
2026-04-03T15:20:39.158,      -0.00,       -0.01,       -0.02,       0.02
2026-04-03T15:20:39.674,      -0.03,       -0.01,       -0.05,       0.05
2026-04-03T15:20:40.221,       0.01,       -0.01,       -0.08,       0.08
2026-04-03T15:20:40.737,      -0.01,       -0.02,       -0.05,       0.05
2026-04-03T15:20:41.256,      -0.01,       -0.01,       -0.02,       0.02
2026-04-03T15:20:41.771,      -0.01,       -0.00,       -0.02,       0.02
2026-04-03T15:20:42.286,       0.00,       -0.00,       -0.04,       0.03
2026-04-03T15:20:42.801,      -0.01,        0.00,        0.01,       0.02
2026-04-03T15:20:43.317,       0.00,        0.00,       -0.06,       0.05
2026-04-03T15:20:43.838,      -0.00,       -0.03,       -0.03,       0.04
2026-04-03T15:20:44.352,      -0.01,       -0.02,       -0.04,       0.05
2026-04-03T15:20:44.866,       0.01,        0.00,       -0.01,       0.01
2026-04-03T15:20:45.383,      -0.01,        0.02,        0.01,       0.03
2026-04-03T15:20:45.898,      -0.02,       -0.02,       -0.04,       0.04
2026-04-03T15:20:46.418,      -0.01,       -0.02,       -0.03,       0.03
2026-04-03T15:20:46.963,      -0.00,       -0.01,       -0.03,       0.03
2026-04-03T15:20:47.480,      -0.02,       -0.01,       -0.04,       0.04
2026-04-03T15:20:47.998,      -0.00,       -0.03,       -0.07,       0.07
2026-04-03T15:20:48.514,      -0.00,       -0.02,       -0.04,       0.04
2026-04-03T15:20:49.032,      -0.00,       -0.02,        0.01,       0.02
2026-04-03T15:20:49.544,      -0.01,       -0.01,       -0.01,       0.02
2026-04-03T15:20:50.060,      -0.01,       -0.01,       -0.03,       0.03
2026-04-03T15:20:50.577,       0.01,       -0.00,       -0.00,       0.01
2026-04-03T15:20:51.095,       0.00,       -0.01,       -0.02,       0.02
2026-04-03T15:20:51.611,      -0.00,       -0.01,       -0.00,       0.01
2026-04-03T15:20:52.126,      -0.01,       -0.02,       -0.04,       0.04
2026-04-03T15:20:52.640,      -0.01,       -0.01,        0.00,       0.01
2026-04-03T15:20:53.143,       0.00,        0.02,       -0.02,       0.02
2026-04-03T15:20:53.659,      -0.02,        0.01,        0.02,       0.03
2026-04-03T15:20:54.173,       0.00,       -0.03,       -0.02,       0.03
2026-04-03T15:20:54.688,       0.00,       -0.02,        0.01,       0.02
2026-04-03T15:20:55.204,      -0.01,        0.01,       -0.03,       0.03
2026-04-03T15:20:55.725,      -0.00,       -0.01,       -0.02,       0.02
2026-04-03T15:20:56.271,      -0.01,       -0.00,        0.01,       0.01
2026-04-03T15:20:56.786,      -0.00,       -0.00,       -0.04,       0.04
2026-04-03T15:20:57.306,      -0.00,        0.00,       -0.05,       0.04
2026-04-03T15:20:57.823,       0.00,       -0.01,       -0.04,       0.03
2026-04-03T15:20:58.335,      -0.01,       -0.01,       -0.05,       0.05
2026-04-03T15:20:58.850,      -0.02,        0.01,       -0.01,       0.02
2026-04-03T15:20:59.353,      -0.00,       -0.00,       -0.04,       0.04
2026-04-03T15:20:59.870,       0.00,       -0.00,       -0.02,       0.01
2026-04-03T15:21:00.382,      -0.01,        0.00,       -0.03,       0.03
2026-04-03T15:21:00.898,      -0.01,        0.01,       -0.00,       0.01
2026-04-03T15:21:01.415,      -0.01,        0.01,        0.00,       0.01
2026-04-03T15:21:01.933,      -0.01,       -0.01,       -0.03,       0.03
2026-04-03T15:21:02.450,      -0.00,        0.00,       -0.05,       0.05
2026-04-03T15:21:03.014,      -0.00,       -0.01,       -0.06,       0.06
2026-04-03T15:21:03.578,      -0.01,       -0.01,       -0.03,       0.04
2026-04-03T15:21:04.080,      -0.02,       -0.02,        0.01,       0.03
2026-04-03T15:21:04.594,      -0.01,        0.01,       -0.05,       0.05
2026-04-03T15:21:05.111,      -0.01,       -0.01,       -0.04,       0.04
2026-04-03T15:21:05.626,       0.00,       -0.00,       -0.04,       0.04
2026-04-03T15:21:06.146,      -0.01,       -0.01,       -0.03,       0.03
2026-04-03T15:21:06.663,      -0.00,       -0.02,       -0.06,       0.06
2026-04-03T15:21:07.175,       0.01,       -0.02,       -0.02,       0.03
2026-04-03T15:21:07.691,       0.01,       -0.00,       -0.03,       0.03
2026-04-03T15:21:08.208,      -0.01,        0.01,       -0.02,       0.02
2026-04-03T15:21:08.727,       0.00,        0.00,       -0.02,       0.02
2026-04-03T15:21:09.243,       0.00,       -0.01,       -0.03,       0.03
2026-04-03T15:21:09.760,      -0.01,       -0.02,       -0.02,       0.03
2026-04-03T15:21:10.306,      -0.00,       -0.01,       -0.03,       0.03
2026-04-03T15:21:10.824,      -0.00,       -0.01,       -0.02,       0.01
2026-04-03T15:21:11.340,      -0.00,       -0.01,       -0.03,       0.02
2026-04-03T15:21:11.854,      -0.01,       -0.03,       -0.05,       0.05
2026-04-03T15:21:12.369,      -0.01,       -0.00,       -0.04,       0.04
2026-04-03T15:21:12.886,      -0.00,       -0.02,        0.02,       0.03
2026-04-03T15:21:13.406,      -0.01,       -0.03,       -0.04,       0.04
2026-04-03T15:21:13.921,      -0.01,        0.02,       -0.03,       0.03
2026-04-03T15:21:14.434,      -0.01,       -0.00,       -0.09,       0.09
2026-04-03T15:21:14.952,      -0.00,        0.00,       -0.03,       0.03
2026-04-03T15:21:15.466,      -0.01,       -0.01,       -0.01,       0.01
2026-04-03T15:21:15.969,       0.00,        0.01,       -0.01,       0.01
2026-04-03T15:21:16.481,      -0.01,       -0.00,       -0.05,       0.05
2026-04-03T15:21:16.998,      -0.01,        0.00,       -0.05,       0.04
2026-04-03T15:21:17.514,      -0.01,       -0.02,       -0.01,       0.02
2026-04-03T15:21:18.033,       0.00,       -0.00,       -0.00,       0.01
2026-04-03T15:21:18.550,       0.00,       -0.01,       -0.03,       0.02
2026-04-03T15:21:19.062,      -0.00,       -0.02,       -0.04,       0.04
2026-04-03T15:21:19.578,      -0.01,        0.01,       -0.01,       0.01
2026-04-03T15:21:20.096,      -0.01,       -0.03,       -0.06,       0.06
2026-04-03T15:21:20.614,      -0.01,       -0.01,       -0.05,       0.05
2026-04-03T15:21:21.180,      -0.01,       -0.01,       -0.06,       0.05
2026-04-03T15:21:21.694,      -0.00,       -0.00,       -0.04,       0.04
2026-04-03T15:21:22.246,      -0.02,        0.01,       -0.00,       0.02
2026-04-03T15:21:22.761,      -0.01,       -0.00,       -0.04,       0.03
2026-04-03T15:21:23.274,      -0.00,        0.00,       -0.02,       0.01
2026-04-03T15:21:23.792,      -0.00,       -0.01,       -0.03,       0.02
2026-04-03T15:21:24.306,      -0.01,       -0.01,        0.03,       0.04
2026-04-03T15:21:24.826,      -0.00,       -0.01,       -0.04,       0.04
2026-04-03T15:21:25.344,      -0.01,       -0.01,       -0.01,       0.01
2026-04-03T15:21:25.856,      -0.01,       -0.01,       -0.04,       0.03
2026-04-03T15:21:26.372,       0.00,       -0.02,       -0.05,       0.05
2026-04-03T15:21:26.889,       0.00,       -0.01,       -0.03,       0.03
2026-04-03T15:21:27.407,      -0.01,        0.00,       -0.03,       0.03
2026-04-03T15:21:27.922,      -0.01,       -0.02,       -0.04,       0.04
2026-04-03T15:21:28.487,      -0.01,        0.00,       -0.00,       0.01
2026-04-03T15:21:29.052,      -0.01,        0.01,       -0.01,       0.02
2026-04-03T15:21:29.571,       0.01,       -0.02,        0.00,       0.02
2026-04-03T15:21:30.137,      -0.00,       -0.02,       -0.07,       0.06
2026-04-03T15:21:30.700,      -0.02,       -0.00,       -0.04,       0.04
2026-04-03T15:21:31.202,      -0.02,       -0.00,       -0.04,       0.04
2026-04-03T15:21:31.718,      -0.02,        0.01,       -0.00,       0.02
2026-04-03T15:21:32.233,      -0.00,       -0.00,        0.00,       0.01
2026-04-03T15:21:32.748,      -0.01,       -0.01,       -0.02,       0.02
2026-04-03T15:21:33.264,      -0.01,       -0.00,       -0.04,       0.03
2026-04-03T15:21:33.784,      -0.01,       -0.01,       -0.03,       0.03
2026-04-03T15:21:34.331,      -0.01,       -0.00,        0.00,       0.01
2026-04-03T15:21:34.845,      -0.00,       -0.02,       -0.05,       0.05
2026-04-03T15:21:35.365,      -0.01,       -0.01,       -0.00,       0.01
2026-04-03T15:21:35.882,      -0.00,       -0.02,       -0.03,       0.03
2026-04-03T15:21:36.394,      -0.01,        0.00,       -0.05,       0.05
2026-04-03T15:21:36.910,      -0.00,       -0.00,        0.00,       0.01
2026-04-03T15:21:37.427,      -0.00,       -0.00,       -0.04,       0.03
2026-04-03T15:21:37.945,      -0.00,       -0.02,       -0.01,       0.02
2026-04-03T15:21:38.461,       0.01,       -0.00,       -0.01,       0.01
2026-04-03T15:21:38.979,       0.00,       -0.01,       -0.02,       0.02
2026-04-03T15:21:39.525,       0.00,        0.01,       -0.02,       0.02
2026-04-03T15:21:40.043,      -0.01,       -0.01,       -0.05,       0.05
2026-04-03T15:21:40.558,       0.00,        0.00,       -0.03,       0.03
2026-04-03T15:21:41.073,      -0.00,       -0.01,       -0.03,       0.03
2026-04-03T15:21:41.625,      -0.00,        0.00,       -0.04,       0.04
2026-04-03T15:21:42.141,      -0.01,        0.01,       -0.00,       0.01
2026-04-03T15:21:42.704,      -0.02,       -0.02,        0.01,       0.03
2026-04-03T15:21:43.207,      -0.00,       -0.01,       -0.02,       0.02
2026-04-03T15:21:43.723,      -0.00,       -0.01,        0.00,       0.01
2026-04-03T15:21:44.236,      -0.01,       -0.00,       -0.02,       0.01
2026-04-03T15:21:44.752,       0.00,       -0.00,       -0.07,       0.07
2026-04-03T15:21:45.269,      -0.01,        0.00,       -0.06,       0.06
2026-04-03T15:21:45.786,      -0.01,        0.02,       -0.02,       0.02
2026-04-03T15:21:46.302,      -0.01,        0.02,       -0.01,       0.02
2026-04-03T15:21:46.819,       0.01,        0.00,       -0.03,       0.03
2026-04-03T15:21:47.369,      -0.01,       -0.03,       -0.03,       0.04
2026-04-03T15:21:47.884,       0.00,       -0.02,       -0.04,       0.04
2026-04-03T15:21:48.398,      -0.01,       -0.01,       -0.05,       0.05
2026-04-03T15:21:48.915,      -0.00,        0.00,       -0.05,       0.04
2026-04-03T15:21:49.430,      -0.01,       -0.01,       -0.04,       0.04
2026-04-03T15:21:49.933,      -0.01,       -0.02,       -0.04,       0.04
2026-04-03T15:21:50.447,      -0.00,       -0.01,       -0.03,       0.03
2026-04-03T15:21:50.964,       0.01,       -0.01,       -0.04,       0.04
2026-04-03T15:21:51.477,      -0.01,       -0.00,       -0.02,       0.02
2026-04-03T15:21:51.996,       0.00,       -0.00,       -0.00,       0.00
2026-04-03T15:21:52.514,      -0.00,       -0.01,       -0.03,       0.03
2026-04-03T15:21:53.028,      -0.01,        0.00,       -0.01,       0.01
2026-04-03T15:21:53.579,      -0.01,       -0.01,       -0.02,       0.02
2026-04-03T15:21:54.095,       0.00,        0.00,       -0.00,       0.00
2026-04-03T15:21:54.612,       0.00,       -0.00,       -0.04,       0.03
2026-04-03T15:21:55.125,      -0.01,       -0.00,       -0.03,       0.03
2026-04-03T15:21:55.640,      -0.00,       -0.02,       -0.07,       0.07
2026-04-03T15:21:56.143,      -0.01,       -0.01,       -0.02,       0.02
2026-04-03T15:21:56.660,      -0.00,       -0.01,       -0.00,       0.01
2026-04-03T15:21:57.172,      -0.01,       -0.00,       -0.04,       0.03
2026-04-03T15:21:57.687,      -0.01,        0.00,       -0.02,       0.01
2026-04-03T15:21:58.190,      -0.01,       -0.02,       -0.04,       0.05
2026-04-03T15:21:58.707,      -0.00,        0.02,       -0.06,       0.05
2026-04-03T15:21:59.257,      -0.01,        0.01,       -0.03,       0.03
2026-04-03T15:21:59.772,      -0.01,       -0.00,       -0.02,       0.02
2026-04-03T15:22:00.285,      -0.01,        0.00,       -0.01,       0.01
2026-04-03T15:22:00.802,      -0.00,        0.01,       -0.04,       0.04
2026-04-03T15:22:01.317,      -0.01,       -0.00,       -0.02,       0.01
2026-04-03T15:22:01.837,      -0.00,       -0.01,       -0.05,       0.05
2026-04-03T15:22:02.403,      -0.01,       -0.02,       -0.05,       0.05
2026-04-03T15:22:02.949,      -0.01,       -0.02,       -0.02,       0.03
2026-04-03T15:22:03.468,       0.00,        0.00,       -0.03,       0.02
2026-04-03T15:22:03.984,      -0.02,        0.01,       -0.05,       0.05
2026-04-03T15:22:04.501,      -0.01,       -0.00,       -0.06,       0.06
2026-04-03T15:22:05.013,      -0.00,       -0.02,        0.00,       0.02
2026-04-03T15:22:05.516,      -0.01,       -0.00,        0.02,       0.03
2026-04-03T15:22:06.032,      -0.01,       -0.01,       -0.02,       0.02
2026-04-03T15:22:06.546,      -0.01,       -0.00,       -0.04,       0.04
2026-04-03T15:22:07.061,      -0.02,        0.00,        0.01,       0.02
2026-04-03T15:22:07.577,      -0.02,       -0.01,       -0.07,       0.06
2026-04-03T15:22:08.098,       0.00,       -0.02,       -0.01,       0.02
2026-04-03T15:22:08.612,      -0.01,       -0.00,       -0.02,       0.02
2026-04-03T15:22:09.175,      -0.01,        0.01,       -0.02,       0.02
2026-04-03T15:22:09.678,       0.00,       -0.01,       -0.02,       0.02
2026-04-03T15:22:10.195,      -0.00,        0.00,       -0.04,       0.04
2026-04-03T15:22:10.707,      -0.00,       -0.03,       -0.05,       0.06
2026-04-03T15:22:11.223,       0.00,       -0.01,       -0.04,       0.04
2026-04-03T15:22:11.740,      -0.01,       -0.00,       -0.02,       0.01
2026-04-03T15:22:12.243,      -0.02,       -0.00,       -0.05,       0.04
2026-04-03T15:22:12.756,       0.01,       -0.01,       -0.03,       0.03
2026-04-03T15:22:13.272,      -0.01,        0.02,        0.03,       0.04
2026-04-03T15:22:13.774,      -0.01,        0.02,        0.00,       0.03
2026-04-03T15:22:14.291,       0.00,        0.02,       -0.02,       0.03
2026-04-03T15:22:14.803,       0.00,        0.01,       -0.02,       0.02
2026-04-03T15:22:15.319,      -0.01,       -0.01,       -0.06,       0.05
2026-04-03T15:22:15.821,      -0.01,       -0.01,       -0.02,       0.02
2026-04-03T15:22:16.338,      -0.01,       -0.01,       -0.02,       0.02
2026-04-03T15:22:16.851,      -0.00,       -0.01,       -0.07,       0.06
2026-04-03T15:22:17.367,      -0.01,       -0.01,       -0.04,       0.03
2026-04-03T15:22:17.869,      -0.01,       -0.03,       -0.05,       0.05
2026-04-03T15:22:18.386,      -0.00,       -0.02,       -0.03,       0.03
2026-04-03T15:22:18.899,      -0.01,       -0.00,       -0.02,       0.02
2026-04-03T15:22:19.415,      -0.02,       -0.00,       -0.04,       0.04
2026-04-03T15:22:19.917,      -0.02,       -0.02,       -0.05,       0.05
2026-04-03T15:22:20.434,      -0.02,        0.01,       -0.04,       0.04
2026-04-03T15:22:20.947,      -0.00,       -0.01,       -0.02,       0.02
2026-04-03T15:22:21.463,      -0.01,        0.02,        0.02,       0.03
2026-04-03T15:22:21.980,      -0.01,       -0.01,       -0.04,       0.04
2026-04-03T15:22:22.498,      -0.01,       -0.03,       -0.03,       0.04
2026-04-03T15:22:23.044,      -0.00,        0.00,        0.02,       0.02
2026-04-03T15:22:23.560,      -0.01,       -0.01,       -0.01,       0.02
2026-04-03T15:22:24.080,      -0.02,        0.00,       -0.02,       0.03
2026-04-03T15:22:24.595,       0.01,       -0.00,       -0.02,       0.01
2026-04-03T15:22:25.109,      -0.01,        0.00,        0.01,       0.02
2026-04-03T15:22:25.626,      -0.01,       -0.01,       -0.01,       0.02
2026-04-03T15:22:26.141,      -0.01,       -0.03,       -0.02,       0.03
2026-04-03T15:22:26.659,      -0.00,       -0.01,       -0.04,       0.04
2026-04-03T15:22:27.177,      -0.01,        0.00,        0.01,       0.02
2026-04-03T15:22:27.724,      -0.00,        0.00,        0.01,       0.01
2026-04-03T15:22:28.241,       0.00,       -0.01,       -0.03,       0.03
2026-04-03T15:22:28.757,      -0.01,        0.01,       -0.04,       0.04
2026-04-03T15:22:29.274,       0.00,       -0.03,       -0.05,       0.06
2026-04-03T15:22:29.787,      -0.00,       -0.00,       -0.02,       0.01
2026-04-03T15:22:30.303,      -0.01,        0.01,       -0.03,       0.02
2026-04-03T15:22:30.820,       0.01,       -0.03,       -0.02,       0.04
2026-04-03T15:22:31.322,      -0.00,       -0.02,       -0.03,       0.03
2026-04-03T15:22:31.835,      -0.01,       -0.01,       -0.01,       0.01
2026-04-03T15:22:32.351,      -0.01,       -0.02,       -0.02,       0.02
2026-04-03T15:22:32.868,      -0.01,       -0.01,        0.00,       0.02
2026-04-03T15:22:33.387,      -0.01,       -0.00,       -0.03,       0.02
2026-04-03T15:22:33.903,      -0.01,       -0.01,       -0.08,       0.07
2026-04-03T15:22:34.451,      -0.01,        0.00,       -0.00,       0.01
2026-04-03T15:22:34.968,      -0.00,        0.00,       -0.03,       0.02
2026-04-03T15:22:35.483,       0.00,       -0.01,        0.01,       0.01
2026-04-03T15:22:35.997,      -0.00,       -0.00,       -0.02,       0.02
2026-04-03T15:22:36.514,      -0.00,        0.01,        0.01,       0.02
2026-04-03T15:22:37.016,      -0.00,        0.01,       -0.02,       0.02
2026-04-03T15:22:37.548,      -0.00,       -0.02,       -0.03,       0.03
2026-04-03T15:22:38.115,      -0.01,        0.00,       -0.05,       0.05
2026-04-03T15:22:38.677,       0.00,       -0.02,       -0.01,       0.02
2026-04-03T15:22:39.179,       0.00,       -0.02,       -0.02,       0.02
2026-04-03T15:22:39.693,      -0.01,        0.02,       -0.01,       0.03
2026-04-03T15:22:40.210,      -0.01,       -0.01,       -0.02,       0.02
2026-04-03T15:22:40.725,      -0.01,       -0.01,       -0.04,       0.04
2026-04-03T15:22:41.228,      -0.01,       -0.02,       -0.05,       0.05
2026-04-03T15:22:41.741,      -0.01,        0.00,       -0.03,       0.02
2026-04-03T15:22:42.259,      -0.02,        0.00,       -0.04,       0.04
2026-04-03T15:22:42.773,       0.01,        0.00,       -0.08,       0.08
2026-04-03T15:22:43.292,       0.00,        0.01,       -0.02,       0.02
2026-04-03T15:22:43.809,      -0.00,       -0.00,       -0.05,       0.04
2026-04-03T15:22:44.324,      -0.00,       -0.00,       -0.03,       0.03
2026-04-03T15:22:44.887,      -0.01,       -0.02,       -0.03,       0.04
2026-04-03T15:22:45.389,      -0.01,       -0.01,       -0.05,       0.04
2026-04-03T15:22:45.923,       0.01,       -0.01,       -0.03,       0.02
2026-04-03T15:22:46.489,      -0.01,        0.03,       -0.04,       0.04
2026-04-03T15:22:47.053,      -0.00,        0.01,       -0.04,       0.04
2026-04-03T15:22:47.556,      -0.01,       -0.01,       -0.03,       0.03
2026-04-03T15:22:48.071,       0.00,       -0.00,       -0.02,       0.01
2026-04-03T15:22:48.584,      -0.00,       -0.01,       -0.01,       0.02
2026-04-03T15:22:49.100,      -0.00,       -0.02,       -0.06,       0.06
2026-04-03T15:22:49.615,      -0.01,       -0.01,       -0.01,       0.01
2026-04-03T15:22:50.135,      -0.01,       -0.01,       -0.04,       0.04
2026-04-03T15:22:50.652,      -0.01,       -0.00,       -0.03,       0.02
2026-04-03T15:22:51.164,      -0.01,       -0.02,       -0.05,       0.05
2026-04-03T15:22:51.680,      -0.00,       -0.02,       -0.06,       0.06
2026-04-03T15:22:52.197,      -0.00,        0.00,        0.00,       0.01
2026-04-03T15:22:52.700,      -0.01,       -0.01,       -0.02,       0.02
2026-04-03T15:22:53.212,      -0.00,        0.00,       -0.03,       0.02
2026-04-03T15:22:53.728,       0.00,       -0.00,       -0.02,       0.02
2026-04-03T15:22:54.245,      -0.00,       -0.02,       -0.06,       0.06
2026-04-03T15:22:54.764,      -0.01,        0.00,       -0.03,       0.03
2026-04-03T15:22:55.280,      -0.01,       -0.01,       -0.03,       0.02
2026-04-03T15:22:55.796,      -0.01,       -0.00,       -0.01,       0.01
2026-04-03T15:22:56.308,      -0.01,       -0.01,       -0.04,       0.03
2026-04-03T15:22:56.825,      -0.00,       -0.01,       -0.02,       0.02
2026-04-03T15:22:57.341,      -0.00,       -0.01,       -0.02,       0.02
2026-04-03T15:22:57.844,       0.01,       -0.01,       -0.08,       0.07
2026-04-03T15:22:58.356,      -0.02,       -0.00,       -0.06,       0.06
2026-04-03T15:22:58.873,      -0.01,       -0.01,       -0.03,       0.02
2026-04-03T15:22:59.389,      -0.01,       -0.02,       -0.03,       0.04
2026-04-03T15:22:59.908,      -0.01,       -0.01,        0.01,       0.02
2026-04-03T15:23:00.421,      -0.01,        0.00,       -0.03,       0.02
2026-04-03T15:23:00.938,      -0.01,       -0.02,       -0.05,       0.05
2026-04-03T15:23:01.454,      -0.00,       -0.02,       -0.00,       0.02
2026-04-03T15:23:01.973,      -0.01,       -0.02,       -0.04,       0.04
2026-04-03T15:23:02.489,      -0.01,        0.01,       -0.03,       0.03
2026-04-03T15:23:03.004,      -0.02,       -0.01,       -0.08,       0.08
2026-04-03T15:23:03.517,      -0.02,        0.01,       -0.06,       0.05
2026-04-03T15:23:04.020,       0.00,       -0.02,       -0.05,       0.04
2026-04-03T15:23:04.537,      -0.00,       -0.01,       -0.06,       0.05
2026-04-03T15:23:05.052,      -0.01,        0.00,       -0.01,       0.01
2026-04-03T15:23:05.565,      -0.00,       -0.00,        0.01,       0.01
2026-04-03T15:23:06.082,       0.00,        0.00,       -0.03,       0.03
2026-04-03T15:23:06.598,      -0.00,        0.00,       -0.00,       0.00
2026-04-03T15:23:07.117,       0.00,        0.00,       -0.02,       0.02
2026-04-03T15:23:07.634,      -0.01,        0.02,       -0.06,       0.06
2026-04-03T15:23:08.146,      -0.02,        0.00,       -0.02,       0.02
2026-04-03T15:23:08.663,      -0.01,        0.00,       -0.03,       0.03
2026-04-03T15:23:09.165,      -0.01,       -0.01,       -0.02,       0.02
2026-04-03T15:23:09.682,      -0.02,       -0.01,       -0.05,       0.05
2026-04-03T15:23:10.193,      -0.00,        0.00,       -0.02,       0.02
2026-04-03T15:23:10.710,      -0.01,        0.02,       -0.03,       0.03
2026-04-03T15:23:11.227,      -0.01,       -0.01,       -0.01,       0.02
2026-04-03T15:23:11.745,      -0.01,        0.01,       -0.04,       0.04
2026-04-03T15:23:12.261,      -0.01,       -0.02,       -0.05,       0.05
2026-04-03T15:23:12.778,      -0.01,        0.01,       -0.02,       0.02
2026-04-03T15:23:13.291,      -0.00,        0.01,       -0.02,       0.02
2026-04-03T15:23:13.807,      -0.01,       -0.02,       -0.07,       0.07
2026-04-03T15:23:14.323,      -0.01,       -0.01,       -0.02,       0.02
2026-04-03T15:23:14.826,      -0.01,       -0.00,       -0.06,       0.05
2026-04-03T15:23:15.339,      -0.02,        0.02,       -0.02,       0.03
2026-04-03T15:23:15.855,      -0.01,        0.01,       -0.02,       0.02
2026-04-03T15:23:16.372,      -0.01,       -0.01,        0.01,       0.02
2026-04-03T15:23:16.889,      -0.00,       -0.00,       -0.02,       0.01
2026-04-03T15:23:17.405,       0.00,       -0.01,       -0.06,       0.05
2026-04-03T15:23:17.938,      -0.01,       -0.01,       -0.03,       0.02
2026-04-03T15:23:18.502,      -0.00,       -0.02,       -0.04,       0.04
2026-04-03T15:23:19.019,       0.01,       -0.02,       -0.04,       0.04
2026-04-03T15:23:19.537,      -0.01,        0.01,       -0.05,       0.04
2026-04-03T15:23:20.053,       0.00,        0.01,       -0.00,       0.01
2026-04-03T15:23:20.571,      -0.00,       -0.01,       -0.05,       0.05
2026-04-03T15:23:21.083,      -0.00,       -0.01,       -0.01,       0.01
2026-04-03T15:23:21.598,      -0.01,       -0.01,       -0.01,       0.01
2026-04-03T15:23:22.115,       0.01,       -0.01,        0.00,       0.02
2026-04-03T15:23:22.617,      -0.01,       -0.01,       -0.01,       0.01
2026-04-03T15:23:23.130,      -0.02,       -0.02,       -0.04,       0.04
2026-04-03T15:23:23.646,      -0.01,       -0.03,       -0.04,       0.04
2026-04-03T15:23:24.163,      -0.01,       -0.00,       -0.01,       0.01
2026-04-03T15:23:24.681,      -0.02,       -0.01,       -0.01,       0.02
2026-04-03T15:23:25.197,      -0.00,       -0.01,       -0.03,       0.02
2026-04-03T15:23:25.712,       0.01,       -0.00,        0.00,       0.01
2026-04-03T15:23:26.227,      -0.01,       -0.01,       -0.02,       0.01
2026-04-03T15:23:26.743,      -0.01,       -0.01,       -0.01,       0.02
2026-04-03T15:23:27.260,      -0.00,       -0.03,       -0.03,       0.04
2026-04-03T15:23:27.778,       0.00,       -0.00,       -0.05,       0.04
2026-04-03T15:23:28.292,      -0.01,       -0.01,       -0.02,       0.02
2026-04-03T15:23:28.808,      -0.01,       -0.01,       -0.07,       0.06
2026-04-03T15:23:29.323,      -0.01,        0.00,       -0.05,       0.05
2026-04-03T15:23:29.843,      -0.02,       -0.00,        0.02,       0.03
2026-04-03T15:23:30.359,      -0.01,       -0.00,        0.00,       0.01
2026-04-03T15:23:30.874,      -0.01,       -0.00,       -0.03,       0.02
2026-04-03T15:23:31.388,      -0.01,        0.00,       -0.02,       0.01
2026-04-03T15:23:31.905,      -0.01,       -0.01,       -0.07,       0.06
2026-04-03T15:23:32.420,      -0.01,       -0.01,       -0.02,       0.02
2026-04-03T15:23:32.939,      -0.01,        0.01,       -0.04,       0.04
2026-04-03T15:23:33.456,      -0.00,       -0.00,       -0.03,       0.03
2026-04-03T15:23:34.003,      -0.02,       -0.01,       -0.01,       0.02
2026-04-03T15:23:34.521,      -0.01,       -0.01,       -0.04,       0.03
2026-04-03T15:23:35.036,      -0.02,       -0.00,       -0.05,       0.05
2026-04-03T15:23:35.553,      -0.00,        0.01,       -0.04,       0.04
2026-04-03T15:23:36.066,      -0.01,       -0.01,       -0.03,       0.03
2026-04-03T15:23:36.582,       0.01,       -0.00,        0.00,       0.01
2026-04-03T15:23:37.099,       0.00,       -0.01,       -0.02,       0.02
2026-04-03T15:23:37.618,      -0.01,       -0.01,       -0.02,       0.02
2026-04-03T15:23:38.134,       0.00,       -0.01,       -0.03,       0.03
2026-04-03T15:23:38.698,       0.00,       -0.00,       -0.03,       0.03
2026-04-03T15:23:39.201,       0.00,       -0.01,       -0.02,       0.02
2026-04-03T15:23:39.715,       0.00,       -0.02,       -0.06,       0.06
2026-04-03T15:23:40.249,      -0.00,       -0.02,       -0.05,       0.05
2026-04-03T15:23:40.761,      -0.00,       -0.01,       -0.06,       0.06
2026-04-03T15:23:41.277,      -0.01,       -0.02,       -0.03,       0.03
2026-04-03T15:23:41.794,      -0.00,       -0.02,       -0.04,       0.04
2026-04-03T15:23:42.313,       0.00,       -0.02,       -0.03,       0.03
2026-04-03T15:23:42.829,      -0.01,        0.01,       -0.01,       0.02
2026-04-03T15:23:43.346,       0.01,        0.01,       -0.01,       0.02
2026-04-03T15:23:43.909,      -0.02,       -0.01,       -0.01,       0.02
2026-04-03T15:23:44.411,      -0.03,        0.01,       -0.04,       0.05
2026-04-03T15:23:44.927,      -0.01,        0.00,       -0.02,       0.02
2026-04-03T15:23:45.440,      -0.01,       -0.01,       -0.01,       0.02
2026-04-03T15:23:45.955,      -0.01,        0.01,       -0.03,       0.03
2026-04-03T15:23:46.471,      -0.00,       -0.01,       -0.05,       0.05
2026-04-03T15:23:46.992,      -0.01,        0.01,       -0.02,       0.02
2026-04-03T15:23:47.507,      -0.00,        0.00,       -0.03,       0.02
2026-04-03T15:23:48.020,      -0.01,       -0.02,       -0.05,       0.05
2026-04-03T15:23:48.587,      -0.00,       -0.02,       -0.03,       0.04
2026-04-03T15:23:49.106,      -0.01,       -0.01,       -0.05,       0.05
2026-04-03T15:23:49.671,      -0.02,       -0.01,       -0.01,       0.02
2026-04-03T15:23:50.235,      -0.01,       -0.00,       -0.06,       0.06
2026-04-03T15:23:50.738,      -0.00,        0.00,        0.00,       0.01
2026-04-03T15:23:51.253,      -0.00,        0.01,       -0.01,       0.01
2026-04-03T15:23:51.766,      -0.00,       -0.02,       -0.01,       0.02
2026-04-03T15:23:52.284,       0.01,        0.01,       -0.03,       0.03
2026-04-03T15:23:52.798,      -0.01,       -0.00,       -0.04,       0.03
2026-04-03T15:23:53.318,      -0.01,       -0.01,       -0.05,       0.05
2026-04-03T15:23:53.835,       0.00,       -0.03,       -0.04,       0.05
2026-04-03T15:23:54.347,       0.01,       -0.01,       -0.04,       0.04
2026-04-03T15:23:54.863,      -0.02,       -0.01,       -0.03,       0.03
2026-04-03T15:23:55.379,      -0.01,        0.02,       -0.00,       0.02
2026-04-03T15:23:55.898,       0.00,        0.01,       -0.03,       0.03
2026-04-03T15:23:56.414,      -0.01,        0.01,       -0.02,       0.02
2026-04-03T15:23:56.931,      -0.01,       -0.02,       -0.03,       0.03
2026-04-03T15:23:57.443,      -0.01,       -0.01,        0.01,       0.02
2026-04-03T15:23:57.960,      -0.01,       -0.00,       -0.02,       0.01
2026-04-03T15:23:58.476,      -0.01,       -0.00,       -0.01,       0.01
2026-04-03T15:23:58.995,       0.00,       -0.01,       -0.05,       0.04
2026-04-03T15:23:59.511,       0.00,        0.01,       -0.02,       0.02
2026-04-03T15:24:00.028,      -0.01,       -0.00,       -0.00,       0.01
2026-04-03T15:24:00.541,      -0.00,       -0.00,       -0.07,       0.07
2026-04-03T15:24:01.057,      -0.01,       -0.00,       -0.02,       0.02
2026-04-03T15:24:01.572,      -0.01,       -0.01,       -0.03,       0.03
2026-04-03T15:24:02.091,      -0.01,       -0.02,       -0.02,       0.02
2026-04-03T15:24:02.605,      -0.00,       -0.01,       -0.04,       0.04
2026-04-03T15:24:03.122,      -0.01,       -0.02,       -0.04,       0.04
2026-04-03T15:24:03.637,      -0.01,       -0.01,       -0.04,       0.03
2026-04-03T15:24:04.153,      -0.01,       -0.01,       -0.05,       0.05
2026-04-03T15:24:04.673,       0.00,       -0.03,       -0.07,       0.07
2026-04-03T15:24:05.188,       0.00,       -0.02,       -0.05,       0.05
2026-04-03T15:24:05.702,      -0.00,       -0.01,       -0.03,       0.03
2026-04-03T15:24:06.204,      -0.01,        0.01,       -0.03,       0.03
2026-04-03T15:24:06.721,       0.00,        0.01,       -0.05,       0.05
2026-04-03T15:24:07.236,      -0.00,       -0.01,       -0.06,       0.06
2026-04-03T15:24:07.750,      -0.01,       -0.01,       -0.03,       0.03
2026-04-03T15:24:08.267,      -0.00,       -0.01,       -0.05,       0.05
2026-04-03T15:24:08.781,      -0.01,       -0.00,       -0.03,       0.03
2026-04-03T15:24:09.300,      -0.01,        0.01,       -0.03,       0.03
2026-04-03T15:24:09.387,        NaN,         NaN,         NaN,        NaN
2026-04-03T15:24:09.387,        NaN,         NaN,         NaN,        NaN
2026-04-03T15:24:09.817,      -0.00,       -0.01,       -0.06,       0.03
2026-04-03T15:24:10.364,      -0.01,       -0.01,       -0.06,       0.02
2026-04-03T15:24:10.882,      -0.01,       -0.02,       -0.00,       0.04
2026-04-03T15:24:11.398,      -0.02,       -0.01,       -0.02,       0.02
2026-04-03T15:24:11.915,      -0.02,        0.00,       -0.03,       0.02
2026-04-03T15:24:12.428,      -0.01,       -0.00,       -0.10,       0.06
2026-04-03T15:24:12.943,      -0.02,       -0.01,       -0.01,       0.03
2026-04-03T15:24:13.461,      -0.00,       -0.02,       -0.03,       0.02
2026-04-03T15:24:13.979,      -0.01,       -0.00,       -0.07,       0.03
2026-04-03T15:24:14.542,      -0.00,       -0.00,       -0.03,       0.02
2026-04-03T15:24:15.044,      -0.01,       -0.00,       -0.01,       0.03
2026-04-03T15:24:15.561,      -0.00,       -0.00,       -0.03,       0.01
2026-04-03T15:24:16.076,      -0.00,       -0.01,       -0.01,       0.03
2026-04-03T15:24:16.590,      -0.01,       -0.00,       -0.03,       0.02
2026-04-03T15:24:17.107,      -0.01,       -0.00,       -0.00,       0.04
2026-04-03T15:24:17.622,      -0.01,       -0.01,       -0.02,       0.02
2026-04-03T15:24:18.172,      -0.01,        0.01,       -0.00,       0.04
2026-04-03T15:24:18.707,      -0.00,       -0.01,       -0.00,       0.04
2026-04-03T15:24:19.270,      -0.00,       -0.01,       -0.02,       0.02
2026-04-03T15:24:19.772,      -0.00,       -0.00,       -0.03,       0.02
2026-04-03T15:24:20.286,       0.00,       -0.01,       -0.06,       0.02
2026-04-03T15:24:20.803,      -0.01,       -0.00,       -0.03,       0.01
2026-04-03T15:24:21.318,      -0.01,       -0.02,       -0.06,       0.02
2026-04-03T15:24:21.838,      -0.02,       -0.00,       -0.03,       0.01
2026-04-03T15:24:22.354,      -0.01,       -0.01,       -0.04,       0.01
2026-04-03T15:24:22.917,      -0.01,       -0.00,       -0.01,       0.03
2026-04-03T15:24:23.418,      -0.01,       -0.02,        0.00,       0.04
2026-04-03T15:24:23.935,      -0.01,       -0.02,       -0.05,       0.01
2026-04-03T15:24:24.451,      -0.00,       -0.01,       -0.02,       0.02
2026-04-03T15:24:24.964,      -0.01,       -0.00,       -0.04,       0.01
2026-04-03T15:24:25.480,      -0.01,       -0.01,       -0.06,       0.02
2026-04-03T15:24:25.997,      -0.00,        0.01,        0.01,       0.05
2026-04-03T15:24:26.500,      -0.01,       -0.01,       -0.01,       0.03
2026-04-03T15:24:27.012,      -0.01,        0.01,       -0.02,       0.03
2026-04-03T15:24:27.528,      -0.01,        0.01,        0.00,       0.05
2026-04-03T15:24:28.045,      -0.00,        0.01,       -0.03,       0.03
2026-04-03T15:24:28.564,      -0.00,        0.01,       -0.05,       0.03
2026-04-03T15:24:29.079,      -0.01,        0.00,        0.00,       0.05
2026-04-03T15:24:29.626,       0.00,       -0.00,       -0.03,       0.02
2026-04-03T15:24:30.145,      -0.01,       -0.01,       -0.03,       0.01
2026-04-03T15:24:30.660,      -0.00,        0.00,       -0.00,       0.04
2026-04-03T15:24:31.174,      -0.00,       -0.02,       -0.05,       0.01
2026-04-03T15:24:31.691,      -0.00,       -0.00,       -0.03,       0.02
2026-04-03T15:24:31.741,        NaN,         NaN,         NaN,        NaN
2026-04-03T15:24:31.942,        NaN,         NaN,         NaN,        NaN
2026-04-03T15:24:31.989,        NaN,         NaN,         NaN,        NaN
2026-04-03T15:24:32.042,        NaN,         NaN,         NaN,        NaN
2026-04-03T15:24:32.206,       0.01,       -0.09,       -0.07,       0.08
2026-04-03T15:24:32.709,      -0.01,        0.01,       -0.01,       0.04
2026-04-03T15:24:33.222,      -0.00,        0.01,        0.01,       0.06
2026-04-03T15:24:33.739,      -0.00,       -0.02,       -0.08,       0.04
2026-04-03T15:24:33.938,        NaN,         NaN,         NaN,        NaN
2026-04-03T15:24:34.254,        NaN,         NaN,         NaN,        NaN
2026-04-03T15:24:34.771,        NaN,         NaN,         NaN,        NaN
2026-04-03T15:24:34.970,        NaN,         NaN,         NaN,        NaN
2026-04-03T15:24:35.340,      -0.01,       -0.01,       -0.02,       0.02
2026-04-03T15:24:35.853,      -0.01,        0.00,       -0.05,       0.02
2026-04-03T15:24:36.302,        NaN,         NaN,         NaN,        NaN
2026-04-03T15:24:36.404,      -0.01,        0.00,       -0.01,       0.04
2026-04-03T15:24:36.404,        NaN,         NaN,         NaN,        NaN
2026-04-03T15:24:36.921,       0.02,        0.02,        0.02,       0.07
2026-04-03T15:24:37.435,       0.07,       -0.07,        0.46,       0.51
2026-04-03T15:24:37.950,      -0.03,       -0.15,        0.82,       0.87
2026-04-03T15:24:38.466,      -0.02,       -0.13,        0.85,       0.90
2026-04-03T15:24:38.986,      -0.03,       -0.15,        0.83,       0.89
2026-04-03T15:24:39.533,      -0.02,       -0.16,        0.79,       0.85
2026-04-03T15:24:40.048,      -0.04,       -0.15,        0.77,       0.82
2026-04-03T15:24:40.567,      -0.03,       -0.16,        0.79,       0.85
2026-04-03T15:24:41.134,      -0.01,       -0.17,        0.81,       0.87
2026-04-03T15:24:41.645,        NaN,         NaN,         NaN,        NaN
2026-04-03T15:24:41.645,        NaN,         NaN,         NaN,        NaN
2026-04-03T15:24:42.145,        NaN,         NaN,         NaN,        NaN
2026-04-03T15:24:42.678,        NaN,         NaN,         NaN,        NaN
2026-04-03T15:24:43.179,        NaN,         NaN,         NaN,        NaN
2026-04-03T15:24:43.595,        NaN,         NaN,         NaN,        NaN
2026-04-03T15:24:43.694,        NaN,         NaN,         NaN,        NaN
2026-04-03T15:24:44.210,        NaN,         NaN,         NaN,        NaN
2026-04-03T15:24:44.726,        NaN,         NaN,         NaN,        NaN
2026-04-03T15:24:45.246,        NaN,         NaN,         NaN,        NaN
2026-04-03T15:24:45.756,        NaN,         NaN,         NaN,        NaN
2026-04-03T15:24:46.271,        NaN,         NaN,         NaN,        NaN
2026-04-03T15:24:46.788,        NaN,         NaN,         NaN,        NaN
2026-04-03T15:24:47.306,        NaN,         NaN,         NaN,        NaN
2026-04-03T15:24:47.826,      -0.03,       -0.17,        0.80,       0.86
2026-04-03T15:24:48.342,      -0.03,       -0.18,        0.80,       0.86
2026-04-03T15:24:48.855,      -0.02,       -0.22,        0.79,       0.85
2026-04-03T15:24:49.371,        NaN,         NaN,         NaN,        NaN
2026-04-03T15:24:49.887,        NaN,         NaN,         NaN,        NaN
2026-04-03T15:24:50.404,        NaN,         NaN,         NaN,        NaN
2026-04-03T15:24:50.924,        NaN,         NaN,         NaN,        NaN
2026-04-03T15:24:51.437,        NaN,         NaN,         NaN,        NaN
2026-04-03T15:24:51.953,        NaN,         NaN,         NaN,        NaN
2026-04-03T15:24:52.469,        NaN,         NaN,         NaN,        NaN
2026-04-03T15:24:52.985,        NaN,         NaN,         NaN,        NaN
2026-04-03T15:24:53.501,        NaN,         NaN,         NaN,        NaN
2026-04-03T15:24:54.018,        NaN,         NaN,         NaN,        NaN
2026-04-03T15:24:54.533,        NaN,         NaN,         NaN,        NaN
2026-04-03T15:24:55.049,        NaN,         NaN,         NaN,        NaN
2026-04-03T15:24:55.566,        NaN,         NaN,         NaN,        NaN
2026-04-03T15:24:56.082,        NaN,         NaN,         NaN,        NaN
2026-04-03T15:24:56.598,        NaN,         NaN,         NaN,        NaN
2026-04-03T15:24:57.115,        NaN,         NaN,         NaN,        NaN
2026-04-03T15:24:57.630,        NaN,         NaN,         NaN,        NaN
2026-04-03T15:24:58.146,        NaN,         NaN,         NaN,        NaN
2026-04-03T15:24:58.665,        NaN,         NaN,         NaN,        NaN
2026-04-03T15:24:59.178,        NaN,         NaN,         NaN,        NaN
2026-04-03T15:24:59.727,        NaN,         NaN,         NaN,        NaN
2026-04-03T15:25:00.244,        NaN,         NaN,         NaN,        NaN
2026-04-03T15:25:00.777,        NaN,         NaN,         NaN,        NaN
2026-04-03T15:25:01.293,        NaN,         NaN,         NaN,        NaN
2026-04-03T15:25:01.810,        NaN,         NaN,         NaN,        NaN
2026-04-03T15:25:02.325,        NaN,         NaN,         NaN,        NaN
2026-04-03T15:25:02.841,        NaN,         NaN,         NaN,        NaN
2026-04-03T15:25:03.358,        NaN,         NaN,         NaN,        NaN
2026-04-03T15:25:03.874,        NaN,         NaN,         NaN,        NaN
2026-04-03T15:25:04.389,        NaN,         NaN,         NaN,        NaN
2026-04-03T15:25:04.906,        NaN,         NaN,         NaN,        NaN
2026-04-03T15:25:05.421,        NaN,         NaN,         NaN,        NaN
2026-04-03T15:25:05.937,        NaN,         NaN,         NaN,        NaN
2026-04-03T15:25:06.454,        NaN,         NaN,         NaN,        NaN
2026-04-03T15:25:06.970,        NaN,         NaN,         NaN,        NaN
2026-04-03T15:25:07.486,        NaN,         NaN,         NaN,        NaN
2026-04-03T15:25:08.003,        NaN,         NaN,         NaN,        NaN
2026-04-03T15:25:08.518,        NaN,         NaN,         NaN,        NaN
2026-04-03T15:25:09.035,        NaN,         NaN,         NaN,        NaN
2026-04-03T15:25:09.552,        NaN,         NaN,         NaN,        NaN
2026-04-03T15:25:10.116,        NaN,         NaN,         NaN,        NaN
2026-04-03T15:25:10.632,        NaN,         NaN,         NaN,        NaN
2026-04-03T15:25:11.150,        NaN,         NaN,         NaN,        NaN
2026-04-03T15:25:11.665,        NaN,         NaN,         NaN,        NaN
2026-04-03T15:25:12.182,        NaN,         NaN,         NaN,        NaN
2026-04-03T15:25:12.698,        NaN,         NaN,         NaN,        NaN
2026-04-03T15:25:13.213,        NaN,         NaN,         NaN,        NaN
2026-04-03T15:25:13.714,        NaN,         NaN,         NaN,        NaN
2026-04-03T15:25:14.229,        NaN,         NaN,         NaN,        NaN
2026-04-03T15:25:14.746,        NaN,         NaN,         NaN,        NaN
2026-04-03T15:25:15.262,        NaN,         NaN,         NaN,        NaN
2026-04-03T15:25:15.777,        NaN,         NaN,         NaN,        NaN
2026-04-03T15:25:16.294,        NaN,         NaN,         NaN,        NaN
2026-04-03T15:25:16.810,        NaN,         NaN,         NaN,        NaN
2026-04-03T15:25:17.325,        NaN,         NaN,         NaN,        NaN
2026-04-03T15:25:17.843,        NaN,         NaN,         NaN,        NaN
2026-04-03T15:25:18.357,        NaN,         NaN,         NaN,        NaN
2026-04-03T15:25:18.874,        NaN,         NaN,         NaN,        NaN
2026-04-03T15:25:19.391,        NaN,         NaN,         NaN,        NaN
2026-04-03T15:25:19.907,        NaN,         NaN,         NaN,        NaN
2026-04-03T15:25:20.423,        NaN,         NaN,         NaN,        NaN
2026-04-03T15:25:20.955,        NaN,         NaN,         NaN,        NaN
2026-04-03T15:25:21.472,        NaN,         NaN,         NaN,        NaN
2026-04-03T15:25:21.989,        NaN,         NaN,         NaN,        NaN
2026-04-03T15:25:22.504,        NaN,         NaN,         NaN,        NaN
2026-04-03T15:25:23.020,        NaN,         NaN,         NaN,        NaN
2026-04-03T15:25:23.536,        NaN,         NaN,         NaN,        NaN
2026-04-03T15:25:24.051,        NaN,         NaN,         NaN,        NaN
2026-04-03T15:25:24.567,        NaN,         NaN,         NaN,        NaN
2026-04-03T15:25:25.085,        NaN,         NaN,         NaN,        NaN
2026-04-03T15:25:25.601,        NaN,         NaN,         NaN,        NaN
2026-04-03T15:25:26.117,        NaN,         NaN,         NaN,        NaN
2026-04-03T15:25:26.634,        NaN,         NaN,         NaN,        NaN
2026-04-03T15:25:27.149,        NaN,         NaN,         NaN,        NaN
2026-04-03T15:25:27.665,        NaN,         NaN,         NaN,        NaN
2026-04-03T15:25:28.182,        NaN,         NaN,         NaN,        NaN
2026-04-03T15:25:28.698,        NaN,         NaN,         NaN,        NaN
2026-04-03T15:25:29.213,        NaN,         NaN,         NaN,        NaN
2026-04-03T15:25:29.730,        NaN,         NaN,         NaN,        NaN
2026-04-03T15:25:30.245,        NaN,         NaN,         NaN,        NaN
2026-04-03T15:25:30.761,        NaN,         NaN,         NaN,        NaN
2026-04-03T15:25:31.278,        NaN,         NaN,         NaN,        NaN
2026-04-03T15:25:31.828,        NaN,         NaN,         NaN,        NaN
2026-04-03T15:25:32.343,        NaN,         NaN,         NaN,        NaN
2026-04-03T15:25:32.860,        NaN,         NaN,         NaN,        NaN
2026-04-03T15:25:33.377,        NaN,         NaN,         NaN,        NaN
2026-04-03T15:25:33.892,        NaN,         NaN,         NaN,        NaN
2026-04-03T15:25:34.408,        NaN,         NaN,         NaN,        NaN
2026-04-03T15:25:34.924,        NaN,         NaN,         NaN,        NaN
2026-04-03T15:25:35.440,        NaN,         NaN,         NaN,        NaN
2026-04-03T15:25:35.956,        NaN,         NaN,         NaN,        NaN
2026-04-03T15:25:36.473,        NaN,         NaN,         NaN,        NaN
2026-04-03T15:25:36.988,        NaN,         NaN,         NaN,        NaN
2026-04-03T15:25:37.504,        NaN,         NaN,         NaN,        NaN
2026-04-03T15:25:38.021,        NaN,         NaN,         NaN,        NaN
2026-04-03T15:25:38.537,        NaN,         NaN,         NaN,        NaN
2026-04-03T15:25:39.053,        NaN,         NaN,         NaN,        NaN
2026-04-03T15:25:39.570,        NaN,         NaN,         NaN,        NaN
2026-04-03T15:25:40.085,        NaN,         NaN,         NaN,        NaN
2026-04-03T15:25:40.601,        NaN,         NaN,         NaN,        NaN
2026-04-03T15:25:41.118,        NaN,         NaN,         NaN,        NaN
2026-04-03T15:25:41.683,        NaN,         NaN,         NaN,        NaN
2026-04-03T15:25:42.199,        NaN,         NaN,         NaN,        NaN
2026-04-03T15:25:42.716,        NaN,         NaN,         NaN,        NaN
2026-04-03T15:25:43.231,        NaN,         NaN,         NaN,        NaN
2026-04-03T15:25:43.731,        NaN,         NaN,         NaN,        NaN
2026-04-03T15:25:44.247,        NaN,         NaN,         NaN,        NaN
2026-04-03T15:25:44.764,        NaN,         NaN,         NaN,        NaN
2026-04-03T15:25:45.280,        NaN,         NaN,         NaN,        NaN
2026-04-03T15:25:45.796,        NaN,         NaN,         NaN,        NaN
2026-04-03T15:25:46.313,        NaN,         NaN,         NaN,        NaN
2026-04-03T15:25:46.828,        NaN,         NaN,         NaN,        NaN
2026-04-03T15:25:47.343,        NaN,         NaN,         NaN,        NaN
2026-04-03T15:25:47.860,        NaN,         NaN,         NaN,        NaN
2026-04-03T15:25:48.376,        NaN,         NaN,         NaN,        NaN
2026-04-03T15:25:48.892,        NaN,         NaN,         NaN,        NaN
2026-04-03T15:25:49.409,        NaN,         NaN,         NaN,        NaN
2026-04-03T15:25:49.924,        NaN,         NaN,         NaN,        NaN
2026-04-03T15:25:50.441,        NaN,         NaN,         NaN,        NaN
2026-04-03T15:25:50.957,        NaN,         NaN,         NaN,        NaN
2026-04-03T15:25:51.473,        NaN,         NaN,         NaN,        NaN
2026-04-03T15:25:51.989,        NaN,         NaN,         NaN,        NaN
2026-04-03T15:25:52.506,        NaN,         NaN,         NaN,        NaN
2026-04-03T15:25:53.006,        NaN,         NaN,         NaN,        NaN
2026-04-03T15:25:53.521,        NaN,         NaN,         NaN,        NaN
2026-04-03T15:25:54.037,        NaN,         NaN,         NaN,        NaN
2026-04-03T15:25:54.553,        NaN,         NaN,         NaN,        NaN
2026-04-03T15:25:55.069,        NaN,         NaN,         NaN,        NaN
2026-04-03T15:25:55.586,        NaN,         NaN,         NaN,        NaN
2026-04-03T15:25:56.102,        NaN,         NaN,         NaN,        NaN
2026-04-03T15:25:56.617,        NaN,         NaN,         NaN,        NaN
2026-04-03T15:25:57.133,        NaN,         NaN,         NaN,        NaN
2026-04-03T15:25:57.650,        NaN,         NaN,         NaN,        NaN
2026-04-03T15:25:58.165,        NaN,         NaN,         NaN,        NaN
2026-04-03T15:25:58.665,        NaN,         NaN,         NaN,        NaN
2026-04-03T15:25:59.181,        NaN,         NaN,         NaN,        NaN
2026-04-03T15:25:59.714,        NaN,         NaN,         NaN,        NaN
2026-04-03T15:26:00.230,        NaN,         NaN,         NaN,        NaN
2026-04-03T15:26:00.730,        NaN,         NaN,         NaN,        NaN
2026-04-03T15:26:01.246,        NaN,         NaN,         NaN,        NaN
2026-04-03T15:26:01.761,        NaN,         NaN,         NaN,        NaN
2026-04-03T15:26:02.277,        NaN,         NaN,         NaN,        NaN
2026-04-03T15:26:02.794,        NaN,         NaN,         NaN,        NaN
2026-04-03T15:26:03.310,        NaN,         NaN,         NaN,        NaN
2026-04-03T15:26:03.826,        NaN,         NaN,         NaN,        NaN
2026-04-03T15:26:04.325,        NaN,         NaN,         NaN,        NaN
2026-04-03T15:26:04.842,        NaN,         NaN,         NaN,        NaN
2026-04-03T15:26:05.358,        NaN,         NaN,         NaN,        NaN
2026-04-03T15:26:05.874,        NaN,         NaN,         NaN,        NaN
2026-04-03T15:26:06.391,        NaN,         NaN,         NaN,        NaN
2026-04-03T15:26:06.907,        NaN,         NaN,         NaN,        NaN
2026-04-03T15:26:07.423,        NaN,         NaN,         NaN,        NaN
2026-04-03T15:26:07.940,        NaN,         NaN,         NaN,        NaN
2026-04-03T15:26:08.440,        NaN,         NaN,         NaN,        NaN
2026-04-03T15:26:08.954,        NaN,         NaN,         NaN,        NaN
2026-04-03T15:26:09.470,        NaN,         NaN,         NaN,        NaN
2026-04-03T15:26:09.986,        NaN,         NaN,         NaN,        NaN
2026-04-03T15:26:10.502,        NaN,         NaN,         NaN,        NaN
2026-04-03T15:26:11.018,        NaN,         NaN,         NaN,        NaN
2026-04-03T15:26:11.535,        NaN,         NaN,         NaN,        NaN
2026-04-03T15:26:12.100,        NaN,         NaN,         NaN,        NaN
2026-04-03T15:26:12.617,        NaN,         NaN,         NaN,        NaN
2026-04-03T15:26:13.166,        NaN,         NaN,         NaN,        NaN
2026-04-03T15:26:13.683,        NaN,         NaN,         NaN,        NaN
2026-04-03T15:26:14.198,        NaN,         NaN,         NaN,        NaN
2026-04-03T15:26:14.698,        NaN,         NaN,         NaN,        NaN
2026-04-03T15:26:15.214,        NaN,         NaN,         NaN,        NaN
2026-04-03T15:26:15.730,        NaN,         NaN,         NaN,        NaN
2026-04-03T15:26:16.247,        NaN,         NaN,         NaN,        NaN
2026-04-03T15:26:16.763,        NaN,         NaN,         NaN,        NaN
2026-04-03T15:26:17.280,        NaN,         NaN,         NaN,        NaN
2026-04-03T15:26:17.830,        NaN,         NaN,         NaN,        NaN
2026-04-03T15:26:18.345,        NaN,         NaN,         NaN,        NaN
2026-04-03T15:26:18.861,        NaN,         NaN,         NaN,        NaN
2026-04-03T15:26:19.377,        NaN,         NaN,         NaN,        NaN
2026-04-03T15:26:19.877,        NaN,         NaN,         NaN,        NaN
2026-04-03T15:26:20.392,        NaN,         NaN,         NaN,        NaN
2026-04-03T15:26:20.940,        NaN,         NaN,         NaN,        NaN
2026-04-03T15:26:21.458,        NaN,         NaN,         NaN,        NaN
2026-04-03T15:26:21.975,        NaN,         NaN,         NaN,        NaN
2026-04-03T15:26:22.490,        NaN,         NaN,         NaN,        NaN
2026-04-03T15:26:23.040,        NaN,         NaN,         NaN,        NaN
2026-04-03T15:26:23.556,        NaN,         NaN,         NaN,        NaN
2026-04-03T15:26:24.073,        NaN,         NaN,         NaN,        NaN
2026-04-03T15:26:24.587,        NaN,         NaN,         NaN,        NaN
2026-04-03T15:26:25.103,        NaN,         NaN,         NaN,        NaN
2026-04-03T15:26:25.671,        NaN,         NaN,         NaN,        NaN
2026-04-03T15:26:26.170,        NaN,         NaN,         NaN,        NaN
2026-04-03T15:26:26.684,        NaN,         NaN,         NaN,        NaN
2026-04-03T15:26:27.202,        NaN,         NaN,         NaN,        NaN
2026-04-03T15:26:27.719,        NaN,         NaN,         NaN,        NaN
2026-04-03T15:26:28.267,        NaN,         NaN,         NaN,        NaN
2026-04-03T15:26:28.784,        NaN,         NaN,         NaN,        NaN
2026-04-03T15:26:29.299,        NaN,         NaN,         NaN,        NaN
2026-04-03T15:26:29.816,        NaN,         NaN,         NaN,        NaN
2026-04-03T15:26:30.365,        NaN,         NaN,         NaN,        NaN
2026-04-03T15:26:30.881,        NaN,         NaN,         NaN,        NaN
2026-04-03T15:26:31.397,        NaN,         NaN,         NaN,        NaN
2026-04-03T15:26:31.964,        NaN,         NaN,         NaN,        NaN
2026-04-03T15:26:32.514,        NaN,         NaN,         NaN,        NaN
2026-04-03T15:26:33.028,        NaN,         NaN,         NaN,        NaN
2026-04-03T15:26:33.544,        NaN,         NaN,         NaN,        NaN
2026-04-03T15:26:34.061,        NaN,         NaN,         NaN,        NaN
2026-04-03T15:26:34.561,        NaN,         NaN,         NaN,        NaN
2026-04-03T15:26:35.076,        NaN,         NaN,         NaN,        NaN
2026-04-03T15:26:35.592,        NaN,         NaN,         NaN,        NaN
2026-04-03T15:26:36.092,        NaN,         NaN,         NaN,        NaN
2026-04-03T15:26:36.609,        NaN,         NaN,         NaN,        NaN
2026-04-03T15:26:37.124,        NaN,         NaN,         NaN,        NaN
2026-04-03T15:26:37.624,        NaN,         NaN,         NaN,        NaN
2026-04-03T15:26:38.140,        NaN,         NaN,         NaN,        NaN
2026-04-03T15:26:38.657,        NaN,         NaN,         NaN,        NaN
2026-04-03T15:26:39.172,        NaN,         NaN,         NaN,        NaN
2026-04-03T15:26:39.672,        NaN,         NaN,         NaN,        NaN
2026-04-03T15:26:40.221,        NaN,         NaN,         NaN,        NaN
2026-04-03T15:26:40.770,        NaN,         NaN,         NaN,        NaN
2026-04-03T15:26:41.286,        NaN,         NaN,         NaN,        NaN
2026-04-03T15:26:41.803,        NaN,         NaN,         NaN,        NaN
2026-04-03T15:26:42.318,        NaN,         NaN,         NaN,        NaN
2026-04-03T15:26:42.818,        NaN,         NaN,         NaN,        NaN
2026-04-03T15:26:43.334,        NaN,         NaN,         NaN,        NaN
2026-04-03T15:26:43.851,        NaN,         NaN,         NaN,        NaN
2026-04-03T15:26:44.351,        NaN,         NaN,         NaN,        NaN
2026-04-03T15:26:44.866,        NaN,         NaN,         NaN,        NaN
2026-04-03T15:26:45.382,        NaN,         NaN,         NaN,        NaN
2026-04-03T15:26:45.932,        NaN,         NaN,         NaN,        NaN
2026-04-03T15:26:46.449,        NaN,         NaN,         NaN,        NaN
2026-04-03T15:26:46.963,        NaN,         NaN,         NaN,        NaN
2026-04-03T15:26:47.479,        NaN,         NaN,         NaN,        NaN
2026-04-03T15:26:47.996,        NaN,         NaN,         NaN,        NaN
2026-04-03T15:26:48.496,        NaN,         NaN,         NaN,        NaN
2026-04-03T15:26:49.011,        NaN,         NaN,         NaN,        NaN
2026-04-03T15:26:49.527,        NaN,         NaN,         NaN,        NaN
2026-04-03T15:26:50.027,        NaN,         NaN,         NaN,        NaN
2026-04-03T15:26:50.544,        NaN,         NaN,         NaN,        NaN
2026-04-03T15:26:51.060,        NaN,         NaN,         NaN,        NaN
2026-04-03T15:26:51.625,        NaN,         NaN,         NaN,        NaN
2026-04-03T15:26:52.125,        NaN,         NaN,         NaN,        NaN
2026-04-03T15:26:52.641,        NaN,         NaN,         NaN,        NaN
2026-04-03T15:26:53.157,        NaN,         NaN,         NaN,        NaN
2026-04-03T15:26:53.672,        NaN,         NaN,         NaN,        NaN
2026-04-03T15:26:54.172,        NaN,         NaN,         NaN,        NaN
2026-04-03T15:26:54.689,        NaN,         NaN,         NaN,        NaN
2026-04-03T15:26:55.204,        NaN,         NaN,         NaN,        NaN
2026-04-03T15:26:55.720,        NaN,         NaN,         NaN,        NaN
2026-04-03T15:26:56.238,        NaN,         NaN,         NaN,        NaN
2026-04-03T15:26:56.753,        NaN,         NaN,         NaN,        NaN
2026-04-03T15:26:57.269,        NaN,         NaN,         NaN,        NaN
2026-04-03T15:26:57.819,        NaN,         NaN,         NaN,        NaN
2026-04-03T15:26:58.336,        NaN,         NaN,         NaN,        NaN
2026-04-03T15:26:58.851,        NaN,         NaN,         NaN,        NaN
2026-04-03T15:26:59.366,        NaN,         NaN,         NaN,        NaN
2026-04-03T15:26:59.866,        NaN,         NaN,         NaN,        NaN
2026-04-03T15:27:00.384,        NaN,         NaN,         NaN,        NaN
2026-04-03T15:27:00.898,        NaN,         NaN,         NaN,        NaN
2026-04-03T15:27:01.415,        NaN,         NaN,         NaN,        NaN
2026-04-03T15:27:01.931,        NaN,         NaN,         NaN,        NaN
2026-04-03T15:27:02.432,        NaN,         NaN,         NaN,        NaN
2026-04-03T15:27:02.947,        NaN,         NaN,         NaN,        NaN
2026-04-03T15:27:03.463,        NaN,         NaN,         NaN,        NaN
2026-04-03T15:27:03.980,        NaN,         NaN,         NaN,        NaN
2026-04-03T15:27:04.495,        NaN,         NaN,         NaN,        NaN
2026-04-03T15:27:05.012,        NaN,         NaN,         NaN,        NaN
2026-04-03T15:27:05.528,        NaN,         NaN,         NaN,        NaN
2026-04-03T15:27:06.078,        NaN,         NaN,         NaN,        NaN
2026-04-03T15:27:06.592,        NaN,         NaN,         NaN,        NaN
2026-04-03T15:27:07.108,        NaN,         NaN,         NaN,        NaN
2026-04-03T15:27:07.626,        NaN,         NaN,         NaN,        NaN
2026-04-03T15:27:08.141,        NaN,         NaN,         NaN,        NaN
2026-04-03T15:27:08.641,        NaN,         NaN,         NaN,        NaN
2026-04-03T15:27:09.157,        NaN,         NaN,         NaN,        NaN
2026-04-03T15:27:09.673,        NaN,         NaN,         NaN,        NaN
2026-04-03T15:27:10.189,        NaN,         NaN,         NaN,        NaN
2026-04-03T15:27:10.689,        NaN,         NaN,         NaN,        NaN
2026-04-03T15:27:11.205,        NaN,         NaN,         NaN,        NaN
2026-04-03T15:27:11.721,        NaN,         NaN,         NaN,        NaN
2026-04-03T15:27:12.222,        NaN,         NaN,         NaN,        NaN
2026-04-03T15:27:12.736,        NaN,         NaN,         NaN,        NaN
2026-04-03T15:27:13.252,        NaN,         NaN,         NaN,        NaN
2026-04-03T15:27:13.769,        NaN,         NaN,         NaN,        NaN
2026-04-03T15:27:14.284,        NaN,         NaN,         NaN,        NaN
2026-04-03T15:27:14.800,        NaN,         NaN,         NaN,        NaN
2026-04-03T15:27:15.368,        NaN,         NaN,         NaN,        NaN
2026-04-03T15:27:15.917,        NaN,         NaN,         NaN,        NaN
2026-04-03T15:27:16.432,        NaN,         NaN,         NaN,        NaN
2026-04-03T15:27:16.949,        NaN,         NaN,         NaN,        NaN
2026-04-03T15:27:17.464,        NaN,         NaN,         NaN,        NaN
2026-04-03T15:27:17.980,        NaN,         NaN,         NaN,        NaN
2026-04-03T15:27:18.480,        NaN,         NaN,         NaN,        NaN
2026-04-03T15:27:18.996,        NaN,         NaN,         NaN,        NaN
2026-04-03T15:27:19.513,        NaN,         NaN,         NaN,        NaN
2026-04-03T15:27:20.028,        NaN,         NaN,         NaN,        NaN
2026-04-03T15:27:20.545,        NaN,         NaN,         NaN,        NaN
2026-04-03T15:27:21.093,        NaN,         NaN,         NaN,        NaN
2026-04-03T15:27:21.611,        NaN,         NaN,         NaN,        NaN
2026-04-03T15:27:22.127,        NaN,         NaN,         NaN,        NaN
2026-04-03T15:27:22.692,        NaN,         NaN,         NaN,        NaN
2026-04-03T15:27:23.209,        NaN,         NaN,         NaN,        NaN
2026-04-03T15:27:23.759,        NaN,         NaN,         NaN,        NaN
2026-04-03T15:27:24.274,        NaN,         NaN,         NaN,        NaN
2026-04-03T15:27:24.790,        NaN,         NaN,         NaN,        NaN
2026-04-03T15:27:25.307,        NaN,         NaN,         NaN,        NaN
2026-04-03T15:27:25.822,        NaN,         NaN,         NaN,        NaN
2026-04-03T15:27:26.339,        NaN,         NaN,         NaN,        NaN
2026-04-03T15:27:26.856,        NaN,         NaN,         NaN,        NaN
2026-04-03T15:27:27.371,        NaN,         NaN,         NaN,        NaN
2026-04-03T15:27:27.887,        NaN,         NaN,         NaN,        NaN
2026-04-03T15:27:28.403,        NaN,         NaN,         NaN,        NaN
2026-04-03T15:27:28.919,        NaN,         NaN,         NaN,        NaN
2026-04-03T15:27:29.485,        NaN,         NaN,         NaN,        NaN
2026-04-03T15:27:30.034,        NaN,         NaN,         NaN,        NaN
2026-04-03T15:27:30.552,        NaN,         NaN,         NaN,        NaN
2026-04-03T15:27:31.066,        NaN,         NaN,         NaN,        NaN
2026-04-03T15:27:31.583,        NaN,         NaN,         NaN,        NaN
2026-04-03T15:27:32.100,        NaN,         NaN,         NaN,        NaN
2026-04-03T15:27:32.614,        NaN,         NaN,         NaN,        NaN
2026-04-03T15:27:33.114,        NaN,         NaN,         NaN,        NaN
2026-04-03T15:27:33.630,        NaN,         NaN,         NaN,        NaN
2026-04-03T15:27:34.147,        NaN,         NaN,         NaN,        NaN
2026-04-03T15:27:34.182,        NaN,         NaN,         NaN,        NaN
2026-04-03T15:27:34.182,        NaN,         NaN,         NaN,        NaN
2026-04-03T15:27:34.226,        NaN,         NaN,         NaN,        NaN
