Time,X,Y,Z,Displacement [mm]
2026-04-15T16:43:48.620,       0.00,        0.00,        0.00,        NaN
2026-04-15T16:43:48.620,       0.00,        0.00,        0.00,        NaN
2026-04-15T16:43:48.693,       0.00,        0.00,        0.00,        NaN
2026-04-15T16:43:58.652,        NaN,         NaN,         NaN,        NaN
2026-04-15T16:43:58.652,       0.00,        0.00,        0.00,       0.00
2026-04-15T16:43:59.168,       0.01,       -0.01,       -0.05,       0.05
2026-04-15T16:43:59.685,       0.01,       -0.01,        0.02,       0.03
2026-04-15T16:44:00.203,       0.01,       -0.02,       -0.01,       0.03
2026-04-15T16:44:00.749,      -0.00,        0.00,       -0.02,       0.02
2026-04-15T16:44:01.269,       0.01,       -0.03,       -0.03,       0.04
2026-04-15T16:44:01.785,      -0.00,        0.01,        0.01,       0.02
2026-04-15T16:44:02.348,       0.00,        0.00,        0.04,       0.04
2026-04-15T16:44:02.850,       0.01,       -0.01,        0.03,       0.04
2026-04-15T16:44:03.367,       0.01,       -0.01,        0.03,       0.03
2026-04-15T16:44:03.883,       0.01,       -0.02,       -0.01,       0.02
2026-04-15T16:44:04.397,      -0.00,       -0.03,       -0.04,       0.05
2026-04-15T16:44:04.913,       0.01,       -0.03,       -0.01,       0.03
2026-04-15T16:44:05.429,       0.01,       -0.01,        0.01,       0.02
2026-04-15T16:44:05.947,       0.00,       -0.01,        0.03,       0.03
2026-04-15T16:44:06.462,       0.00,       -0.00,        0.02,       0.02
2026-04-15T16:44:07.027,       0.01,       -0.03,        0.01,       0.03
2026-04-15T16:44:07.529,       0.00,       -0.01,       -0.00,       0.01
2026-04-15T16:44:08.044,       0.01,       -0.02,        0.01,       0.03
2026-04-15T16:44:08.558,       0.00,       -0.01,        0.03,       0.03
2026-04-15T16:44:09.075,       0.01,       -0.02,       -0.01,       0.02
2026-04-15T16:44:09.590,       0.01,       -0.03,        0.00,       0.03
2026-04-15T16:44:10.110,      -0.00,       -0.02,        0.02,       0.02
2026-04-15T16:44:10.675,       0.01,        0.00,        0.03,       0.03
2026-04-15T16:44:11.222,      -0.01,        0.01,        0.03,       0.03
2026-04-15T16:44:11.740,      -0.01,       -0.00,       -0.01,       0.01
2026-04-15T16:44:12.256,      -0.00,       -0.00,        0.01,       0.01
2026-04-15T16:44:12.772,       0.00,       -0.15,       -0.02,       0.15
2026-04-15T16:44:13.286,       0.00,       -0.27,        0.01,       0.27
2026-04-15T16:44:13.788,       0.00,       -0.44,        0.02,       0.44
2026-04-15T16:44:14.302,      -0.00,       -0.62,        0.10,       0.62
2026-04-15T16:44:14.819,       0.00,       -0.76,        0.10,       0.77
2026-04-15T16:44:15.334,       0.00,       -0.92,        0.11,       0.93
2026-04-15T16:44:15.850,      -0.00,       -1.11,        0.12,       1.12
2026-04-15T16:44:16.370,       0.00,       -1.28,        0.15,       1.29
2026-04-15T16:44:16.885,      -0.00,       -1.43,        0.18,       1.44
2026-04-15T16:44:17.398,       0.01,       -1.61,        0.19,       1.62
2026-04-15T16:44:17.915,       0.00,       -1.71,        0.19,       1.72
2026-04-15T16:44:18.430,      -0.01,       -1.82,        0.20,       1.83
2026-04-15T16:44:18.949,       0.01,       -1.98,        0.22,       1.99
2026-04-15T16:44:19.516,       0.00,       -2.11,        0.26,       2.13
2026-04-15T16:44:20.079,      -0.01,       -2.24,        0.19,       2.25
2026-04-15T16:44:20.581,       0.00,       -2.37,        0.21,       2.38
2026-04-15T16:44:21.097,       0.01,       -2.45,        0.21,       2.46
2026-04-15T16:44:21.611,       0.01,       -2.53,        0.16,       2.53
2026-04-15T16:44:22.126,       0.03,       -2.50,        0.13,       2.50
2026-04-15T16:44:22.642,       0.06,       -2.47,        0.16,       2.48
2026-04-15T16:44:23.162,       0.03,       -2.49,        0.16,       2.49
2026-04-15T16:44:23.709,       0.00,       -2.50,        0.18,       2.51
2026-04-15T16:44:24.224,       0.02,       -2.52,        0.11,       2.52
2026-04-15T16:44:24.743,       0.02,       -2.50,        0.13,       2.51
2026-04-15T16:44:25.260,       0.01,       -2.53,        0.17,       2.53
2026-04-15T16:44:25.773,       0.01,       -2.53,        0.16,       2.53
2026-04-15T16:44:26.289,       0.00,       -2.50,        0.19,       2.51
2026-04-15T16:44:26.791,      -0.00,       -2.52,        0.17,       2.52
2026-04-15T16:44:27.308,       0.01,       -2.52,        0.14,       2.53
2026-04-15T16:44:27.820,      -0.01,       -2.51,        0.17,       2.51
2026-04-15T16:44:28.336,      -0.02,       -2.52,        0.17,       2.52
2026-04-15T16:44:28.853,       0.00,       -2.50,        0.16,       2.51
2026-04-15T16:44:29.371,       0.01,       -2.49,        0.18,       2.50
2026-04-15T16:44:29.887,       0.00,       -2.50,        0.19,       2.50
2026-04-15T16:44:30.452,       0.00,       -2.49,        0.18,       2.49
2026-04-15T16:44:30.967,      -0.01,       -2.49,        0.13,       2.50
2026-04-15T16:44:31.470,       0.01,       -2.45,        0.15,       2.45
2026-04-15T16:44:31.983,       0.01,       -2.20,        0.22,       2.21
2026-04-15T16:44:32.500,      -0.00,       -1.96,        0.23,       1.97
2026-04-15T16:44:33.015,      -0.01,       -1.78,        0.20,       1.79
2026-04-15T16:44:33.533,      -0.02,       -1.62,        0.22,       1.63
2026-04-15T16:44:34.050,       0.02,       -1.46,        0.15,       1.47
2026-04-15T16:44:34.565,       0.01,       -1.28,        0.17,       1.29
2026-04-15T16:44:35.115,      -0.00,       -1.10,        0.13,       1.11
2026-04-15T16:44:35.632,       0.01,       -0.93,        0.14,       0.94
2026-04-15T16:44:36.148,       0.05,       -0.75,        0.11,       0.76
2026-04-15T16:44:36.661,       0.02,       -0.63,        0.11,       0.64
2026-04-15T16:44:37.177,       0.02,       -0.48,        0.09,       0.48
2026-04-15T16:44:37.694,      -0.01,       -0.38,        0.03,       0.38
2026-04-15T16:44:38.196,       0.01,       -0.26,        0.07,       0.27
2026-04-15T16:44:38.709,       0.04,       -0.16,        0.08,       0.19
2026-04-15T16:44:39.224,       0.02,       -0.08,        0.04,       0.09
2026-04-15T16:44:39.741,       0.03,       -0.05,        0.02,       0.06
2026-04-15T16:44:40.260,       0.04,       -0.02,        0.09,       0.10
2026-04-15T16:44:40.775,       0.02,       -0.02,        0.09,       0.09
2026-04-15T16:44:41.292,       0.03,       -0.01,        0.04,       0.05
2026-04-15T16:44:41.855,      -0.01,       -0.01,        0.10,       0.10
2026-04-15T16:44:42.374,       0.02,        0.01,        0.12,       0.12
2026-04-15T16:44:42.921,       0.04,       -0.01,        0.06,       0.07
2026-04-15T16:44:43.438,       0.04,        0.00,        0.03,       0.05
2026-04-15T16:44:43.956,       0.02,       -0.01,       -0.01,       0.03
2026-04-15T16:44:44.471,       0.00,       -0.01,        0.00,       0.01
2026-04-15T16:44:44.988,       0.01,       -0.00,        0.04,       0.04
2026-04-15T16:44:45.501,       0.01,       -0.01,        0.02,       0.02
2026-04-15T16:44:46.003,       0.01,       -0.01,        0.03,       0.03
2026-04-15T16:44:46.519,      -0.00,       -0.02,        0.01,       0.02
2026-04-15T16:44:47.036,       0.01,       -0.01,        0.01,       0.01
2026-04-15T16:44:47.549,       0.02,       -0.02,        0.00,       0.03
2026-04-15T16:44:48.051,       0.03,       -0.02,       -0.05,       0.06
2026-04-15T16:44:48.567,       0.01,       -0.01,       -0.02,       0.02
2026-04-15T16:44:49.084,       0.02,       -0.01,       -0.00,       0.03
2026-04-15T16:44:49.597,       0.02,        0.01,        0.03,       0.04
2026-04-15T16:44:50.113,       0.04,       -0.00,        0.03,       0.05
2026-04-15T16:44:50.630,       0.04,        0.02,        0.09,       0.10
2026-04-15T16:44:51.147,       0.03,       -0.01,        0.04,       0.05
2026-04-15T16:44:51.664,       0.01,       -0.01,        0.03,       0.03
2026-04-15T16:44:52.228,       0.02,       -0.01,       -0.02,       0.03
2026-04-15T16:44:52.730,      -0.00,       -0.00,        0.00,       0.00
2026-04-15T16:44:53.246,      -0.01,       -0.02,       -0.06,       0.06
2026-04-15T16:44:53.759,      -0.01,       -0.01,       -0.05,       0.05
2026-04-15T16:44:54.276,      -0.01,       -0.03,        0.01,       0.03
2026-04-15T16:44:54.791,       0.01,       -0.00,       -0.03,       0.04
2026-04-15T16:44:55.310,       0.01,       -0.03,       -0.04,       0.05
2026-04-15T16:44:55.827,       0.02,       -0.00,        0.03,       0.03
2026-04-15T16:44:56.340,      -0.01,        0.01,       -0.01,       0.01
2026-04-15T16:44:56.855,      -0.00,        0.00,        0.01,       0.01
2026-04-15T16:44:57.372,       0.01,       -0.01,       -0.01,       0.02
2026-04-15T16:44:57.890,       0.02,       -0.12,       -0.02,       0.12
2026-04-15T16:44:58.406,      -0.01,       -0.34,       -0.01,       0.34
2026-04-15T16:44:58.953,       0.00,       -0.56,        0.09,       0.57
2026-04-15T16:44:59.470,       0.01,       -0.77,        0.09,       0.78
2026-04-15T16:44:59.988,      -0.01,       -0.87,        0.10,       0.87
2026-04-15T16:45:00.504,       0.01,       -1.03,        0.12,       1.04
2026-04-15T16:45:01.069,       0.01,       -1.20,        0.14,       1.21
2026-04-15T16:45:01.570,      -0.02,       -1.34,        0.16,       1.35
2026-04-15T16:45:02.086,      -0.00,       -1.47,        0.16,       1.48
2026-04-15T16:45:02.599,      -0.01,       -1.63,        0.19,       1.64
2026-04-15T16:45:03.116,      -0.01,       -1.75,        0.23,       1.77
2026-04-15T16:45:03.668,       0.01,       -1.88,        0.25,       1.89
2026-04-15T16:45:04.215,       0.00,       -1.95,        0.23,       1.96
2026-04-15T16:45:04.733,       0.03,       -1.94,        0.21,       1.95
2026-04-15T16:45:05.250,       0.02,       -1.93,        0.13,       1.94
2026-04-15T16:45:05.795,       0.02,       -1.97,        0.18,       1.98
2026-04-15T16:45:06.315,      -0.00,       -1.99,        0.18,       2.00
2026-04-15T16:45:06.831,      -0.01,       -1.99,        0.23,       2.01
2026-04-15T16:45:07.344,      -0.00,       -1.98,        0.24,       2.00
2026-04-15T16:45:07.860,      -0.00,       -1.96,        0.19,       1.97
2026-04-15T16:45:08.376,      -0.01,       -1.98,        0.24,       1.99
2026-04-15T16:45:08.895,       0.01,       -1.98,        0.14,       1.99
2026-04-15T16:45:09.413,      -0.00,       -1.97,        0.18,       1.98
2026-04-15T16:45:09.925,      -0.01,       -2.00,        0.15,       2.00
2026-04-15T16:45:10.477,       0.01,       -1.99,        0.19,       2.00
2026-04-15T16:45:10.993,      -0.01,       -1.97,        0.20,       1.98
2026-04-15T16:45:11.509,       0.01,       -1.99,        0.20,       2.00
2026-04-15T16:45:12.022,       0.01,       -1.99,        0.20,       2.00
2026-04-15T16:45:12.538,       0.02,       -1.98,        0.23,       1.99
2026-04-15T16:45:13.054,       0.01,       -1.97,        0.23,       1.99
2026-04-15T16:45:13.573,      -0.01,       -1.97,        0.24,       1.99
2026-04-15T16:45:14.089,       0.03,       -2.00,        0.20,       2.01
2026-04-15T16:45:14.604,       0.01,       -1.98,        0.21,       1.99
2026-04-15T16:45:15.119,       0.00,       -1.97,        0.20,       1.98
2026-04-15T16:45:15.621,       0.01,       -1.97,        0.19,       1.98
2026-04-15T16:45:16.137,      -0.00,       -1.99,        0.16,       2.00
2026-04-15T16:45:16.652,       0.00,       -1.97,        0.19,       1.98
2026-04-15T16:45:17.151,      -0.00,       -1.99,        0.17,       2.00
2026-04-15T16:45:17.669,      -0.01,       -1.98,        0.18,       1.98
2026-04-15T16:45:18.183,       0.02,       -1.86,        0.16,       1.87
2026-04-15T16:45:18.699,       0.00,       -1.65,        0.13,       1.66
2026-04-15T16:45:19.214,       0.01,       -1.51,        0.17,       1.52
2026-04-15T16:45:19.716,      -0.00,       -1.32,        0.07,       1.33
2026-04-15T16:45:20.230,       0.04,       -1.21,        0.05,       1.22
2026-04-15T16:45:20.747,      -0.00,       -1.03,        0.09,       1.03
2026-04-15T16:45:21.262,       0.01,       -0.90,        0.14,       0.91
2026-04-15T16:45:21.781,       0.02,       -0.69,        0.12,       0.70
2026-04-15T16:45:22.298,      -0.00,       -0.59,        0.03,       0.59
2026-04-15T16:45:22.813,       0.02,       -0.45,        0.02,       0.45
2026-04-15T16:45:23.327,       0.01,       -0.34,        0.02,       0.34
2026-04-15T16:45:23.829,       0.03,       -0.18,        0.03,       0.19
2026-04-15T16:45:24.347,       0.06,       -0.10,       -0.06,       0.14
2026-04-15T16:45:24.861,       0.07,       -0.03,       -0.06,       0.09
2026-04-15T16:45:25.375,       0.09,        0.00,       -0.07,       0.11
2026-04-15T16:45:25.892,       0.10,        0.02,       -0.06,       0.12
2026-04-15T16:45:26.395,       0.09,        0.01,       -0.06,       0.11
2026-04-15T16:45:26.906,       0.10,        0.00,       -0.04,       0.10
2026-04-15T16:45:27.423,       0.03,        0.01,       -0.01,       0.03
2026-04-15T16:45:27.939,       0.03,        0.00,        0.02,       0.03
2026-04-15T16:45:28.457,       0.02,       -0.00,        0.04,       0.04
2026-04-15T16:45:29.004,       0.02,        0.00,        0.04,       0.04
2026-04-15T16:45:29.520,       0.00,       -0.00,       -0.04,       0.04
2026-04-15T16:45:30.036,       0.01,       -0.00,        0.02,       0.02
2026-04-15T16:45:30.555,       0.01,       -0.00,        0.01,       0.02
2026-04-15T16:45:31.071,       0.01,        0.01,        0.04,       0.05
2026-04-15T16:45:31.617,       0.02,       -0.01,       -0.00,       0.02
2026-04-15T16:45:32.137,       0.01,       -0.01,       -0.00,       0.01
2026-04-15T16:45:32.653,       0.01,        0.01,       -0.01,       0.02
2026-04-15T16:45:33.198,       0.01,        0.00,        0.01,       0.01
2026-04-15T16:45:33.718,       0.02,        0.00,       -0.01,       0.02
2026-04-15T16:45:34.235,       0.00,       -0.00,        0.05,       0.05
2026-04-15T16:45:34.748,       0.01,        0.00,        0.04,       0.04
2026-04-15T16:45:35.264,       0.04,       -0.02,       -0.02,       0.05
2026-04-15T16:45:35.781,       0.02,       -0.02,        0.00,       0.03
2026-04-15T16:45:36.299,       0.00,       -0.01,       -0.03,       0.03
2026-04-15T16:45:36.815,       0.01,        0.01,        0.06,       0.06
2026-04-15T16:45:37.361,      -0.00,       -0.01,       -0.01,       0.02
2026-04-15T16:45:37.879,       0.02,       -0.00,        0.02,       0.03
2026-04-15T16:45:38.396,       0.01,        0.01,        0.02,       0.02
2026-04-15T16:45:38.910,       0.01,        0.00,       -0.00,       0.01
2026-04-15T16:45:39.427,      -0.00,        0.01,        0.03,       0.03
2026-04-15T16:45:39.929,       0.03,       -0.00,       -0.01,       0.03
2026-04-15T16:45:40.444,       0.01,       -0.01,       -0.03,       0.03
2026-04-15T16:45:40.958,       0.02,        0.19,       -0.01,       0.19
2026-04-15T16:45:41.475,       0.03,        0.34,        0.00,       0.34
2026-04-15T16:45:41.977,       0.04,        0.53,        0.04,       0.53
2026-04-15T16:45:42.492,       0.03,        0.70,        0.12,       0.71
2026-04-15T16:45:43.006,      -0.01,        0.81,        0.12,       0.82
2026-04-15T16:45:43.523,      -0.02,        0.95,        0.13,       0.96
2026-04-15T16:45:44.024,       0.01,        1.10,        0.11,       1.11
2026-04-15T16:45:44.539,       0.01,        1.24,        0.11,       1.24
2026-04-15T16:45:45.053,       0.03,        1.39,        0.17,       1.40
2026-04-15T16:45:45.570,       0.04,        1.60,        0.24,       1.62
2026-04-15T16:45:46.085,       0.03,        1.74,        0.20,       1.75
2026-04-15T16:45:46.587,       0.03,        1.83,        0.21,       1.84
2026-04-15T16:45:47.101,       0.01,        1.93,        0.21,       1.94
2026-04-15T16:45:47.618,       0.01,        1.99,        0.25,       2.01
2026-04-15T16:45:48.133,       0.02,        2.01,        0.26,       2.03
2026-04-15T16:45:48.636,       0.01,        2.02,        0.24,       2.03
2026-04-15T16:45:49.149,      -0.01,        2.05,        0.22,       2.06
2026-04-15T16:45:49.666,      -0.01,        2.05,        0.17,       2.06
2026-04-15T16:45:50.181,      -0.02,        2.04,        0.14,       2.04
2026-04-15T16:45:50.700,      -0.01,        2.06,        0.19,       2.06
2026-04-15T16:45:51.217,      -0.01,        2.05,        0.18,       2.06
2026-04-15T16:45:51.729,      -0.00,        2.07,        0.20,       2.08
2026-04-15T16:45:52.281,      -0.02,        2.06,        0.18,       2.06
2026-04-15T16:45:52.797,      -0.01,        2.05,        0.18,       2.06
2026-04-15T16:45:53.314,      -0.00,        2.06,        0.22,       2.08
2026-04-15T16:45:53.827,      -0.02,        2.07,        0.24,       2.08
2026-04-15T16:45:54.329,      -0.00,        2.04,        0.18,       2.04
2026-04-15T16:45:54.845,      -0.01,        2.05,        0.20,       2.06
2026-04-15T16:45:55.362,       0.00,        2.05,        0.23,       2.06
2026-04-15T16:45:55.875,       0.01,        2.04,        0.18,       2.05
2026-04-15T16:45:56.391,      -0.02,        2.07,        0.24,       2.08
2026-04-15T16:45:56.894,      -0.01,        2.08,        0.25,       2.09
2026-04-15T16:45:57.408,      -0.01,        2.05,        0.20,       2.06
2026-04-15T16:45:57.923,       0.00,        2.06,        0.20,       2.07
2026-04-15T16:45:58.438,      -0.01,        2.06,        0.19,       2.07
2026-04-15T16:45:58.940,      -0.01,        2.06,        0.23,       2.08
2026-04-15T16:45:59.455,       0.00,        2.07,        0.25,       2.08
2026-04-15T16:45:59.970,       0.02,        2.05,        0.22,       2.06
2026-04-15T16:46:00.486,       0.01,        2.05,        0.22,       2.07
2026-04-15T16:46:01.006,       0.02,        2.05,        0.21,       2.07
2026-04-15T16:46:01.521,       0.01,        2.06,        0.20,       2.07
2026-04-15T16:46:02.035,       0.01,        2.04,        0.22,       2.06
2026-04-15T16:46:02.534,      -0.00,        2.05,        0.23,       2.06
2026-04-15T16:46:03.054,       0.00,        2.04,        0.19,       2.05
2026-04-15T16:46:03.570,       0.01,        2.04,        0.17,       2.05
2026-04-15T16:46:04.083,      -0.00,        2.05,        0.22,       2.06
2026-04-15T16:46:04.600,      -0.01,        2.04,        0.19,       2.05
2026-04-15T16:46:05.103,      -0.00,        2.05,        0.20,       2.06
2026-04-15T16:46:05.618,       0.01,        2.05,        0.21,       2.06
2026-04-15T16:46:06.130,      -0.01,        2.05,        0.16,       2.06
2026-04-15T16:46:06.647,      -0.01,        2.04,        0.18,       2.05
2026-04-15T16:46:07.149,      -0.00,        2.02,        0.22,       2.04
2026-04-15T16:46:07.664,       0.00,        1.76,        0.17,       1.77
2026-04-15T16:46:08.178,      -0.02,        1.64,        0.17,       1.65
2026-04-15T16:46:08.695,       0.00,        1.43,        0.16,       1.44
2026-04-15T16:46:09.197,      -0.01,        1.28,        0.11,       1.28
2026-04-15T16:46:09.712,       0.00,        1.09,        0.07,       1.09
2026-04-15T16:46:10.226,       0.02,        0.90,        0.14,       0.91
2026-04-15T16:46:10.742,      -0.01,        0.78,        0.15,       0.79
2026-04-15T16:46:11.258,       0.01,        0.59,        0.13,       0.60
2026-04-15T16:46:11.777,      -0.02,        0.50,        0.03,       0.50
2026-04-15T16:46:12.343,      -0.01,        0.33,        0.05,       0.33
2026-04-15T16:46:12.893,      -0.00,        0.21,        0.08,       0.22
2026-04-15T16:46:13.408,      -0.00,        0.12,        0.05,       0.13
2026-04-15T16:46:13.922,       0.01,        0.02,       -0.02,       0.03
2026-04-15T16:46:14.439,       0.03,        0.02,        0.03,       0.04
2026-04-15T16:46:14.954,       0.04,        0.01,       -0.05,       0.06
2026-04-15T16:46:15.473,       0.03,        0.02,       -0.00,       0.04
2026-04-15T16:46:16.020,       0.03,       -0.00,        0.07,       0.08
2026-04-15T16:46:16.537,       0.02,       -0.02,        0.04,       0.05
2026-04-15T16:46:17.054,       0.02,       -0.02,        0.03,       0.04
2026-04-15T16:46:17.570,       0.03,       -0.02,        0.02,       0.04
2026-04-15T16:46:18.087,       0.02,       -0.03,       -0.05,       0.06
2026-04-15T16:46:18.600,       0.01,       -0.01,        0.01,       0.02
2026-04-15T16:46:19.116,       0.01,       -0.02,       -0.02,       0.03
2026-04-15T16:46:19.633,       0.00,       -0.00,        0.05,       0.05
2026-04-15T16:46:20.135,       0.01,        0.01,        0.04,       0.04
2026-04-15T16:46:20.648,       0.00,       -0.02,       -0.05,       0.05
2026-04-15T16:46:21.164,       0.01,       -0.02,       -0.01,       0.02
2026-04-15T16:46:21.681,       0.02,       -0.02,        0.04,       0.05
2026-04-15T16:46:22.199,       0.02,        0.01,        0.08,       0.08
2026-04-15T16:46:22.746,       0.02,       -0.01,       -0.02,       0.03
2026-04-15T16:46:23.261,       0.01,        0.01,        0.04,       0.04
2026-04-15T16:46:23.781,       0.02,        0.01,        0.02,       0.03
2026-04-15T16:46:24.296,       0.02,       -0.01,        0.08,       0.08
2026-04-15T16:46:24.860,       0.01,        0.01,        0.06,       0.06
2026-04-15T16:46:25.363,       0.02,       -0.00,        0.02,       0.03
2026-04-15T16:46:25.879,       0.02,       -0.01,        0.07,       0.07
2026-04-15T16:46:26.392,       0.02,        0.02,        0.04,       0.05
2026-04-15T16:46:26.908,       0.01,        0.00,        0.02,       0.02
2026-04-15T16:46:27.425,      -0.00,       -0.01,        0.01,       0.02
2026-04-15T16:46:27.943,       0.00,       -0.01,       -0.01,       0.02
2026-04-15T16:46:28.489,       0.01,       -0.01,        0.02,       0.02
2026-04-15T16:46:29.004,      -0.00,        0.01,        0.00,       0.01
2026-04-15T16:46:29.522,       0.02,       -0.00,       -0.02,       0.03
2026-04-15T16:46:30.040,       0.01,       -0.01,        0.02,       0.02
2026-04-15T16:46:30.556,       0.01,        0.00,        0.06,       0.06
2026-04-15T16:46:31.071,      -0.00,       -0.01,        0.04,       0.04
2026-04-15T16:46:31.586,      -0.00,       -0.02,        0.03,       0.03
2026-04-15T16:46:32.102,       0.00,       -0.01,       -0.00,       0.01
2026-04-15T16:46:32.602,      -0.01,        0.00,       -0.01,       0.01
2026-04-15T16:46:33.119,       0.01,       -0.01,        0.01,       0.02
2026-04-15T16:46:33.634,      -0.01,       -0.02,        0.14,       0.14
2026-04-15T16:46:34.153,      -0.00,       -0.02,        0.30,       0.30
2026-04-15T16:46:34.669,       0.02,       -0.01,        0.54,       0.54
2026-04-15T16:46:35.184,       0.01,       -0.01,        0.60,       0.60
2026-04-15T16:46:35.698,       0.00,        0.01,        0.76,       0.76
2026-04-15T16:46:36.214,      -0.01,       -0.01,        0.97,       0.97
2026-04-15T16:46:36.717,       0.00,       -0.01,        1.08,       1.08
2026-04-15T16:46:37.232,       0.01,       -0.00,        1.24,       1.24
2026-04-15T16:46:37.746,       0.03,        0.01,        1.40,       1.40
2026-04-15T16:46:38.263,       0.04,        0.03,        1.59,       1.59
2026-04-15T16:46:38.778,       0.01,        0.02,        1.68,       1.68
2026-04-15T16:46:39.297,       0.01,       -0.00,        1.86,       1.86
2026-04-15T16:46:39.865,       0.01,        0.02,        1.95,       1.95
2026-04-15T16:46:40.413,       0.01,       -0.00,        2.08,       2.08
2026-04-15T16:46:40.928,       0.02,        0.03,        2.13,       2.13
2026-04-15T16:46:41.442,       0.02,        0.02,        2.12,       2.12
2026-04-15T16:46:41.959,       0.01,        0.03,        2.13,       2.13
2026-04-15T16:46:42.474,      -0.00,        0.03,        2.11,       2.11
2026-04-15T16:46:42.993,       0.03,        0.04,        2.18,       2.18
2026-04-15T16:46:43.510,       0.01,        0.01,        2.13,       2.13
2026-04-15T16:46:44.025,       0.02,        0.04,        2.16,       2.16
2026-04-15T16:46:44.539,       0.02,        0.03,        2.12,       2.12
2026-04-15T16:46:45.041,       0.01,        0.03,        2.13,       2.13
2026-04-15T16:46:45.558,       0.02,        0.02,        2.10,       2.10
2026-04-15T16:46:46.073,       0.01,        0.02,        2.12,       2.12
2026-04-15T16:46:46.586,       0.01,        0.03,        2.15,       2.15
2026-04-15T16:46:47.102,       0.02,        0.02,        2.16,       2.16
2026-04-15T16:46:47.618,       0.01,        0.03,        2.11,       2.11
2026-04-15T16:46:48.118,      -0.00,        0.04,        2.13,       2.13
2026-04-15T16:46:48.634,       0.02,        0.02,        2.10,       2.10
2026-04-15T16:46:49.151,       0.02,        0.04,        2.12,       2.12
2026-04-15T16:46:49.669,       0.01,        0.03,        2.12,       2.13
2026-04-15T16:46:50.185,      -0.00,        0.02,        2.10,       2.10
2026-04-15T16:46:50.702,       0.01,        0.03,        2.11,       2.11
2026-04-15T16:46:51.264,       0.00,        0.02,        2.10,       2.10
2026-04-15T16:46:51.767,       0.00,        0.03,        2.12,       2.12
2026-04-15T16:46:52.283,       0.01,        0.04,        2.13,       2.13
2026-04-15T16:46:52.797,       0.01,        0.03,        2.12,       2.12
2026-04-15T16:46:53.312,       0.01,        0.04,        2.18,       2.18
2026-04-15T16:46:53.828,       0.03,        0.03,        2.16,       2.16
2026-04-15T16:46:54.348,       0.01,        0.04,        2.14,       2.14
2026-04-15T16:46:54.863,       0.01,        0.03,        2.12,       2.12
2026-04-15T16:46:55.427,       0.00,        0.03,        2.12,       2.12
2026-04-15T16:46:55.944,       0.01,        0.00,        2.15,       2.15
2026-04-15T16:46:56.462,      -0.01,        0.02,        2.09,       2.09
2026-04-15T16:46:57.027,      -0.00,        0.00,        2.10,       2.10
2026-04-15T16:46:57.574,       0.03,        0.03,        2.16,       2.16
2026-04-15T16:46:58.107,       0.02,        0.04,        2.16,       2.16
2026-04-15T16:46:58.626,       0.01,        0.02,        2.16,       2.16
2026-04-15T16:46:59.143,       0.03,        0.01,        1.97,       1.97
2026-04-15T16:46:59.658,       0.03,        0.02,        1.71,       1.71
2026-04-15T16:47:00.209,       0.01,        0.01,        1.55,       1.55
2026-04-15T16:47:00.724,       0.00,       -0.02,        1.36,       1.36
2026-04-15T16:47:01.240,      -0.00,        0.01,        1.27,       1.27
2026-04-15T16:47:01.753,      -0.00,        0.01,        1.09,       1.09
2026-04-15T16:47:02.269,       0.00,        0.01,        0.87,       0.87
2026-04-15T16:47:02.786,       0.01,       -0.01,        0.74,       0.74
2026-04-15T16:47:03.304,       0.02,        0.01,        0.64,       0.64
2026-04-15T16:47:03.851,      -0.01,       -0.01,        0.51,       0.51
2026-04-15T16:47:04.367,       0.00,       -0.01,        0.39,       0.39
2026-04-15T16:47:04.887,       0.01,       -0.00,        0.23,       0.23
2026-04-15T16:47:05.402,       0.01,        0.00,        0.07,       0.07
2026-04-15T16:47:05.916,      -0.00,       -0.01,        0.04,       0.04
2026-04-15T16:47:06.433,      -0.01,        0.01,        0.02,       0.02
2026-04-15T16:47:06.947,       0.00,       -0.01,        0.04,       0.05
2026-04-15T16:47:07.466,       0.00,        0.01,        0.02,       0.03
2026-04-15T16:47:07.983,       0.00,       -0.01,       -0.01,       0.01
2026-04-15T16:47:08.498,      -0.01,       -0.02,       -0.02,       0.03
2026-04-15T16:47:09.012,       0.00,       -0.02,       -0.01,       0.03
2026-04-15T16:47:09.514,       0.00,       -0.01,       -0.04,       0.04
2026-04-15T16:47:10.044,      -0.00,       -0.00,       -0.04,       0.04
2026-04-15T16:47:10.544,       0.01,       -0.01,       -0.03,       0.03
2026-04-15T16:47:11.060,      -0.01,        0.00,       -0.03,       0.03
2026-04-15T16:47:11.593,      -0.01,       -0.02,       -0.00,       0.02
2026-04-15T16:47:12.095,       0.01,       -0.01,       -0.03,       0.03
2026-04-15T16:47:12.611,       0.00,       -0.02,        0.00,       0.02
2026-04-15T16:47:13.144,      -0.01,       -0.01,       -0.01,       0.01
2026-04-15T16:47:13.690,       0.01,       -0.01,        0.01,       0.02
2026-04-15T16:47:14.223,      -0.01,       -0.01,       -0.02,       0.03
2026-04-15T16:47:14.723,       0.01,       -0.02,       -0.02,       0.03
2026-04-15T16:47:15.241,       0.01,       -0.01,        0.00,       0.02
2026-04-15T16:47:15.755,      -0.00,       -0.01,        0.02,       0.02
2026-04-15T16:47:16.272,       0.01,       -0.03,       -0.04,       0.05
2026-04-15T16:47:16.787,       0.01,        0.00,        0.03,       0.03
2026-04-15T16:47:17.306,       0.01,       -0.01,       -0.05,       0.05
2026-04-15T16:47:17.836,      -0.00,       -0.00,       -0.00,       0.00
2026-04-15T16:47:18.355,       0.01,       -0.00,        0.01,       0.01
2026-04-15T16:47:18.871,       0.01,       -0.03,        0.01,       0.04
2026-04-15T16:47:19.384,       0.02,       -0.03,        0.03,       0.05
2026-04-15T16:47:19.883,       0.02,       -0.02,       -0.00,       0.03
2026-04-15T16:47:20.402,       0.01,       -0.01,       -0.13,       0.13
2026-04-15T16:47:20.919,       0.01,       -0.02,       -0.33,       0.33
2026-04-15T16:47:21.432,      -0.01,       -0.02,       -0.46,       0.46
2026-04-15T16:47:21.948,      -0.00,       -0.03,       -0.64,       0.64
2026-04-15T16:47:22.465,      -0.01,       -0.06,       -0.81,       0.82
2026-04-15T16:47:22.983,      -0.02,       -0.05,       -0.90,       0.90
2026-04-15T16:47:23.499,      -0.01,       -0.02,       -1.01,       1.01
2026-04-15T16:47:24.016,      -0.02,       -0.06,       -1.09,       1.09
2026-04-15T16:47:24.529,      -0.03,       -0.05,       -1.25,       1.25
2026-04-15T16:47:25.031,      -0.01,       -0.04,       -1.33,       1.33
2026-04-15T16:47:25.548,       0.00,       -0.04,       -1.46,       1.46
2026-04-15T16:47:26.063,      -0.01,       -0.05,       -1.62,       1.62
2026-04-15T16:47:26.576,      -0.03,       -0.03,       -1.75,       1.75
2026-04-15T16:47:27.092,      -0.03,       -0.05,       -1.80,       1.81
2026-04-15T16:47:27.609,      -0.03,       -0.05,       -1.88,       1.88
2026-04-15T16:47:28.127,      -0.00,        0.00,       -1.95,       1.95
2026-04-15T16:47:28.643,      -0.00,        0.01,       -1.99,       1.99
2026-04-15T16:47:29.158,      -0.02,       -0.01,       -1.99,       1.99
2026-04-15T16:47:29.673,      -0.01,       -0.03,       -2.03,       2.03
2026-04-15T16:47:30.189,      -0.02,       -0.02,       -1.99,       2.00
2026-04-15T16:47:30.709,      -0.01,       -0.00,       -1.99,       1.99
2026-04-15T16:47:31.224,      -0.01,       -0.01,       -1.96,       1.96
2026-04-15T16:47:31.738,      -0.01,       -0.01,       -2.00,       2.00
2026-04-15T16:47:32.304,      -0.01,       -0.02,       -1.98,       1.98
2026-04-15T16:47:32.822,      -0.01,       -0.01,       -1.95,       1.95
2026-04-15T16:47:33.338,      -0.01,       -0.02,       -1.96,       1.96
2026-04-15T16:47:33.885,      -0.00,       -0.01,       -1.98,       1.98
2026-04-15T16:47:34.402,      -0.01,       -0.02,       -1.96,       1.96
2026-04-15T16:47:34.920,      -0.01,       -0.02,       -2.00,       2.01
2026-04-15T16:47:35.436,       0.00,       -0.00,       -1.97,       1.97
2026-04-15T16:47:35.951,      -0.00,        0.00,       -2.01,       2.01
2026-04-15T16:47:36.466,      -0.02,        0.00,       -1.96,       1.96
2026-04-15T16:47:36.982,       0.00,        0.01,       -1.95,       1.95
2026-04-15T16:47:37.501,       0.00,       -0.00,       -1.93,       1.93
2026-04-15T16:47:38.016,      -0.01,        0.01,       -1.99,       1.99
2026-04-15T16:47:38.529,      -0.00,       -0.03,       -1.92,       1.92
2026-04-15T16:47:39.047,       0.00,       -0.01,       -1.96,       1.96
2026-04-15T16:47:39.562,       0.01,       -0.01,       -1.94,       1.94
2026-04-15T16:47:40.081,      -0.01,        0.00,       -1.99,       1.99
2026-04-15T16:47:40.598,       0.00,        0.00,       -1.93,       1.93
2026-04-15T16:47:41.113,      -0.02,       -0.02,       -2.00,       2.00
2026-04-15T16:47:41.663,      -0.01,        0.00,       -1.94,       1.94
2026-04-15T16:47:42.179,      -0.01,        0.02,       -1.93,       1.93
2026-04-15T16:47:42.695,      -0.01,       -0.02,       -1.99,       1.99
2026-04-15T16:47:43.208,      -0.01,       -0.01,       -1.95,       1.95
2026-04-15T16:47:43.724,      -0.01,       -0.03,       -1.98,       1.98
2026-04-15T16:47:44.240,      -0.02,       -0.01,       -1.92,       1.92
2026-04-15T16:47:44.743,      -0.02,       -0.04,       -1.82,       1.82
2026-04-15T16:47:45.256,      -0.00,       -0.02,       -1.67,       1.67
2026-04-15T16:47:45.772,      -0.00,       -0.01,       -1.62,       1.62
2026-04-15T16:47:46.289,       0.00,       -0.00,       -1.47,       1.47
2026-04-15T16:47:46.808,      -0.03,       -0.04,       -1.37,       1.37
2026-04-15T16:47:47.323,      -0.02,       -0.02,       -1.30,       1.30
2026-04-15T16:47:47.838,      -0.01,       -0.00,       -1.10,       1.10
2026-04-15T16:47:48.337,      -0.03,       -0.03,       -1.01,       1.01
2026-04-15T16:47:48.855,      -0.02,       -0.02,       -0.87,       0.87
2026-04-15T16:47:49.371,      -0.03,       -0.03,       -0.71,       0.71
2026-04-15T16:47:49.886,      -0.01,       -0.01,       -0.65,       0.65
2026-04-15T16:47:50.399,      -0.01,       -0.01,       -0.43,       0.43
2026-04-15T16:47:50.915,      -0.01,       -0.01,       -0.41,       0.41
2026-04-15T16:47:51.418,      -0.03,       -0.01,       -0.49,       0.49
2026-04-15T16:47:51.933,      -0.01,       -0.03,       -0.44,       0.44
2026-04-15T16:47:52.485,      -0.02,       -0.04,       -0.27,       0.27
2026-04-15T16:47:53.000,      -0.03,       -0.02,       -0.22,       0.22
2026-04-15T16:47:53.514,       0.00,       -0.03,       -0.14,       0.14
2026-04-15T16:47:54.030,       0.01,       -0.01,        0.06,       0.06
2026-04-15T16:47:54.546,       0.01,       -0.02,        0.11,       0.11
2026-04-15T16:47:55.048,      -0.00,       -0.00,        0.06,       0.06
2026-04-15T16:47:55.562,      -0.00,       -0.01,        0.06,       0.07
2026-04-15T16:47:56.079,       0.01,       -0.01,        0.13,       0.13
2026-04-15T16:47:56.594,       0.01,       -0.03,        0.08,       0.09
2026-04-15T16:47:57.112,       0.01,       -0.01,        0.08,       0.08
2026-04-15T16:47:57.630,       0.01,       -0.01,        0.04,       0.04
2026-04-15T16:47:58.142,      -0.01,        0.00,        0.05,       0.05
2026-04-15T16:47:58.657,      -0.01,       -0.00,       -0.01,       0.01
2026-04-15T16:47:59.174,       0.01,       -0.00,        0.05,       0.05
2026-04-15T16:47:59.677,       0.00,       -0.02,        0.01,       0.02
2026-04-15T16:48:00.209,       0.01,       -0.02,       -0.02,       0.03
2026-04-15T16:48:00.726,      -0.00,       -0.00,       -0.01,       0.01
2026-04-15T16:48:01.273,      -0.00,       -0.02,        0.00,       0.02
2026-04-15T16:48:01.791,       0.01,       -0.01,       -0.01,       0.02
2026-04-15T16:48:02.305,       0.01,       -0.01,        0.02,       0.02
2026-04-15T16:48:02.821,       0.01,       -0.02,        0.04,       0.04
2026-04-15T16:48:03.336,       0.01,        0.00,        0.01,       0.01
2026-04-15T16:48:03.869,      -0.01,       -0.02,       -0.02,       0.02
2026-04-15T16:48:04.385,       0.01,       -0.01,        0.01,       0.02
2026-04-15T16:48:04.904,       0.00,       -0.01,        0.03,       0.03
2026-04-15T16:48:05.471,       0.00,        0.00,        0.04,       0.04
2026-04-15T16:48:06.032,       0.00,       -0.01,        0.02,       0.02
2026-04-15T16:48:06.549,       0.00,       -0.01,       -0.00,       0.01
2026-04-15T16:48:07.069,      -0.00,        0.00,        0.00,       0.00
2026-04-15T16:48:07.631,      -0.01,        0.01,        0.02,       0.03
2026-04-15T16:48:08.148,      -0.01,       -0.03,        0.02,       0.03
2026-04-15T16:48:08.665,      -0.01,       -0.01,        0.00,       0.01
2026-04-15T16:48:09.167,      -0.01,       -0.03,        0.01,       0.03
2026-04-15T16:48:09.679,      -0.01,       -0.02,       -0.02,       0.03
2026-04-15T16:48:10.196,       0.00,       -0.01,       -0.01,       0.02
2026-04-15T16:48:10.713,      -0.00,       -0.01,        0.01,       0.01
2026-04-15T16:48:11.231,      -0.01,       -0.01,        0.00,       0.01
2026-04-15T16:48:11.796,      -0.00,        0.02,        0.03,       0.03
2026-04-15T16:48:12.360,       0.00,       -0.01,       -0.02,       0.02
2026-04-15T16:48:12.863,       0.01,       -0.01,       -0.01,       0.02
2026-04-15T16:48:13.378,       0.01,       -0.01,       -0.03,       0.03
2026-04-15T16:48:13.892,       0.00,        0.00,       -0.00,       0.01
2026-04-15T16:48:14.408,       0.01,       -0.01,        0.05,       0.05
2026-04-15T16:48:14.924,      -0.16,       -0.00,       -0.07,       0.17
2026-04-15T16:48:15.443,      -0.23,       -0.03,       -0.05,       0.24
2026-04-15T16:48:15.960,      -0.37,       -0.05,       -0.05,       0.38
2026-04-15T16:48:16.521,      -0.49,       -0.05,       -0.01,       0.49
2026-04-15T16:48:17.038,      -0.59,        0.02,        0.05,       0.59
2026-04-15T16:48:17.555,      -0.70,        0.00,        0.10,       0.71
2026-04-15T16:48:18.073,      -0.79,        0.02,        0.17,       0.80
2026-04-15T16:48:18.619,      -0.86,        0.04,        0.20,       0.88
2026-04-15T16:48:19.136,      -0.95,        0.03,        0.20,       0.97
2026-04-15T16:48:19.656,      -1.02,        0.02,        0.20,       1.04
2026-04-15T16:48:20.171,      -1.09,        0.05,        0.18,       1.10
2026-04-15T16:48:20.684,      -1.19,        0.02,        0.18,       1.20
2026-04-15T16:48:21.186,      -1.25,       -0.00,        0.10,       1.25
2026-04-15T16:48:21.703,      -1.33,       -0.00,        0.04,       1.33
2026-04-15T16:48:22.218,      -1.43,       -0.01,        0.02,       1.43
2026-04-15T16:48:22.731,      -1.43,       -0.00,       -0.01,       1.43
2026-04-15T16:48:23.234,      -1.50,       -0.01,       -0.02,       1.50
2026-04-15T16:48:23.764,      -1.55,       -0.01,       -0.03,       1.55
2026-04-15T16:48:24.283,      -1.60,       -0.01,       -0.03,       1.60
2026-04-15T16:48:24.850,      -1.69,       -0.03,       -0.04,       1.69
2026-04-15T16:48:25.396,      -1.79,       -0.02,       -0.05,       1.79
2026-04-15T16:48:25.914,      -1.83,       -0.04,       -0.07,       1.83
2026-04-15T16:48:26.427,      -1.92,       -0.03,       -0.03,       1.92
2026-04-15T16:48:26.945,      -1.97,       -0.02,       -0.06,       1.97
2026-04-15T16:48:27.460,      -2.01,       -0.04,       -0.07,       2.01
2026-04-15T16:48:27.979,      -2.05,       -0.05,       -0.07,       2.05
2026-04-15T16:48:28.496,      -2.02,       -0.03,       -0.08,       2.02
2026-04-15T16:48:29.011,      -2.02,       -0.03,       -0.11,       2.02
2026-04-15T16:48:29.575,      -2.03,       -0.04,       -0.07,       2.03
2026-04-15T16:48:30.077,      -2.03,       -0.04,       -0.02,       2.03
2026-04-15T16:48:30.594,      -2.02,       -0.04,       -0.06,       2.03
2026-04-15T16:48:31.106,      -2.02,       -0.03,       -0.07,       2.02
2026-04-15T16:48:31.621,      -2.01,       -0.03,       -0.03,       2.01
2026-04-15T16:48:32.138,      -2.02,       -0.02,       -0.04,       2.02
2026-04-15T16:48:32.657,      -2.02,       -0.01,       -0.02,       2.02
2026-04-15T16:48:33.173,      -2.02,       -0.00,       -0.02,       2.02
2026-04-15T16:48:33.720,      -2.01,       -0.02,       -0.05,       2.01
2026-04-15T16:48:34.237,      -2.02,       -0.03,       -0.04,       2.02
2026-04-15T16:48:34.754,      -2.03,       -0.01,       -0.05,       2.03
2026-04-15T16:48:35.269,      -2.02,       -0.03,       -0.00,       2.02
2026-04-15T16:48:35.785,      -2.01,       -0.03,       -0.03,       2.01
2026-04-15T16:48:36.301,      -2.03,       -0.04,       -0.03,       2.03
2026-04-15T16:48:36.819,      -2.02,       -0.02,       -0.01,       2.02
2026-04-15T16:48:37.336,      -2.02,       -0.02,       -0.04,       2.02
2026-04-15T16:48:37.851,      -2.01,       -0.04,       -0.05,       2.01
2026-04-15T16:48:38.414,      -2.01,       -0.03,       -0.03,       2.01
2026-04-15T16:48:38.931,      -2.02,       -0.02,       -0.07,       2.02
2026-04-15T16:48:39.434,      -2.01,       -0.03,       -0.05,       2.01
2026-04-15T16:48:39.946,      -2.01,       -0.05,       -0.06,       2.01
2026-04-15T16:48:40.462,      -2.01,       -0.04,       -0.07,       2.01
2026-04-15T16:48:40.980,      -2.01,       -0.03,       -0.05,       2.01
2026-04-15T16:48:41.498,      -2.01,       -0.03,       -0.04,       2.01
2026-04-15T16:48:42.014,      -2.03,       -0.01,       -0.02,       2.03
2026-04-15T16:48:42.530,      -2.04,       -0.01,       -0.05,       2.04
2026-04-15T16:48:43.043,      -2.01,       -0.03,       -0.00,       2.01
2026-04-15T16:48:43.558,      -2.01,       -0.02,       -0.05,       2.01
2026-04-15T16:48:44.076,      -2.01,       -0.03,       -0.04,       2.01
2026-04-15T16:48:44.594,      -2.01,       -0.00,       -0.03,       2.01
2026-04-15T16:48:45.110,      -2.01,       -0.02,       -0.07,       2.01
2026-04-15T16:48:45.624,      -1.94,       -0.04,       -0.03,       1.94
2026-04-15T16:48:46.140,      -1.82,       -0.02,        0.04,       1.82
2026-04-15T16:48:46.655,      -1.71,       -0.02,       -0.01,       1.71
2026-04-15T16:48:47.176,      -1.58,       -0.00,        0.01,       1.58
2026-04-15T16:48:47.738,      -1.48,       -0.01,        0.03,       1.48
2026-04-15T16:48:48.303,      -1.35,       -0.00,        0.06,       1.36
2026-04-15T16:48:48.820,      -1.23,        0.01,        0.13,       1.24
2026-04-15T16:48:49.339,      -1.13,        0.02,        0.15,       1.14
2026-04-15T16:48:49.885,      -1.03,        0.03,        0.19,       1.05
2026-04-15T16:48:50.405,      -0.92,        0.03,        0.16,       0.94
2026-04-15T16:48:50.922,      -0.81,        0.03,        0.16,       0.82
2026-04-15T16:48:51.437,      -0.72,       -0.02,        0.13,       0.73
2026-04-15T16:48:51.950,      -0.66,       -0.01,        0.08,       0.66
2026-04-15T16:48:52.466,      -0.58,       -0.02,        0.05,       0.58
2026-04-15T16:48:52.981,      -0.49,       -0.02,        0.01,       0.49
2026-04-15T16:48:53.501,      -0.39,       -0.01,        0.02,       0.39
2026-04-15T16:48:54.048,      -0.29,       -0.01,        0.01,       0.29
2026-04-15T16:48:54.564,      -0.22,       -0.03,       -0.08,       0.24
2026-04-15T16:48:55.083,      -0.13,       -0.02,        0.01,       0.13
2026-04-15T16:48:55.599,      -0.05,       -0.03,        0.02,       0.06
2026-04-15T16:48:56.116,      -0.02,       -0.02,        0.00,       0.03
2026-04-15T16:48:56.629,      -0.01,       -0.03,       -0.02,       0.04
2026-04-15T16:48:57.144,      -0.01,       -0.00,       -0.01,       0.01
2026-04-15T16:48:57.647,      -0.00,        0.00,       -0.00,       0.00
2026-04-15T16:48:58.164,       0.01,       -0.01,        0.02,       0.03
2026-04-15T16:48:58.676,      -0.01,       -0.01,       -0.01,       0.01
2026-04-15T16:48:59.192,       0.00,       -0.01,        0.02,       0.03
2026-04-15T16:48:59.709,      -0.01,        0.01,        0.02,       0.03
2026-04-15T16:49:00.227,      -0.01,       -0.02,        0.02,       0.03
2026-04-15T16:49:00.790,      -0.01,       -0.01,       -0.02,       0.03
2026-04-15T16:49:01.293,      -0.00,       -0.02,       -0.01,       0.02
2026-04-15T16:49:01.810,      -0.01,        0.00,        0.01,       0.01
2026-04-15T16:49:02.325,      -0.02,       -0.01,        0.05,       0.05
2026-04-15T16:49:02.838,      -0.01,       -0.03,        0.04,       0.05
2026-04-15T16:49:03.355,      -0.00,       -0.01,        0.04,       0.04
2026-04-15T16:49:03.871,       0.00,       -0.01,       -0.01,       0.01
2026-04-15T16:49:04.389,      -0.01,        0.01,        0.00,       0.01
2026-04-15T16:49:04.935,      -0.01,       -0.01,       -0.02,       0.03
2026-04-15T16:49:05.452,      -0.01,       -0.00,        0.05,       0.05
2026-04-15T16:49:05.971,       0.00,        0.01,        0.03,       0.03
2026-04-15T16:49:06.487,      -0.02,       -0.03,        0.02,       0.04
2026-04-15T16:49:07.033,      -0.01,       -0.02,        0.01,       0.03
2026-04-15T16:49:07.554,      -0.01,       -0.01,        0.01,       0.02
2026-04-15T16:49:08.069,      -0.00,       -0.04,       -0.02,       0.04
2026-04-15T16:49:08.582,       0.00,       -0.02,        0.00,       0.02
2026-04-15T16:49:09.099,       0.00,       -0.01,        0.03,       0.03
2026-04-15T16:49:09.601,      -0.01,       -0.00,        0.07,       0.07
2026-04-15T16:49:10.116,       0.00,       -0.02,        0.07,       0.07
2026-04-15T16:49:10.629,       0.00,       -0.01,        0.03,       0.03
2026-04-15T16:49:11.146,      -0.00,       -0.01,        0.05,       0.05
2026-04-15T16:49:11.649,       0.01,       -0.02,       -0.01,       0.02
2026-04-15T16:49:12.164,      -0.00,        0.01,        0.04,       0.04
2026-04-15T16:49:12.677,       0.01,        0.00,        0.06,       0.06
2026-04-15T16:49:13.195,      -0.00,       -0.00,        0.00,       0.01
2026-04-15T16:49:13.697,       0.00,       -0.01,       -0.04,       0.04
2026-04-15T16:49:14.212,       0.01,       -0.01,       -0.01,       0.02
2026-04-15T16:49:14.725,       0.00,        0.01,        0.00,       0.01
2026-04-15T16:49:15.242,       0.01,        0.01,        0.05,       0.05
2026-04-15T16:49:15.745,      -0.01,       -0.02,        0.01,       0.03
2026-04-15T16:49:16.260,       0.00,       -0.01,        0.05,       0.05
2026-04-15T16:49:16.773,       0.01,        0.01,        0.01,       0.02
2026-04-15T16:49:17.289,       0.02,       -0.02,       -0.02,       0.04
2026-04-15T16:49:17.792,       0.09,       -0.01,        0.03,       0.09
2026-04-15T16:49:18.304,       0.18,        0.00,        0.04,       0.19
2026-04-15T16:49:18.820,       0.25,        0.01,        0.03,       0.25
2026-04-15T16:49:19.323,       0.34,        0.00,        0.08,       0.35
2026-04-15T16:49:19.840,       0.46,        0.01,        0.16,       0.49
2026-04-15T16:49:20.352,       0.55,        0.03,        0.13,       0.57
2026-04-15T16:49:20.918,       0.67,        0.02,        0.20,       0.70
2026-04-15T16:49:21.421,       0.76,        0.01,        0.12,       0.77
2026-04-15T16:49:21.937,       0.86,        0.01,        0.12,       0.87
2026-04-15T16:49:22.450,       0.96,       -0.00,        0.07,       0.96
2026-04-15T16:49:22.953,       1.04,        0.00,        0.04,       1.04
2026-04-15T16:49:23.469,       1.13,       -0.02,       -0.01,       1.13
2026-04-15T16:49:23.986,       1.23,       -0.02,       -0.06,       1.23
2026-04-15T16:49:24.497,       1.32,       -0.02,        0.00,       1.32
2026-04-15T16:49:25.013,       1.41,       -0.01,        0.02,       1.41
2026-04-15T16:49:25.516,       1.50,       -0.00,        0.04,       1.50
2026-04-15T16:49:26.033,       1.62,       -0.00,        0.07,       1.62
2026-04-15T16:49:26.546,       1.72,       -0.01,        0.06,       1.72
2026-04-15T16:49:27.061,       1.80,       -0.00,        0.08,       1.80
2026-04-15T16:49:27.579,       1.92,        0.00,        0.11,       1.92
2026-04-15T16:49:28.097,       1.98,        0.03,        0.17,       1.98
2026-04-15T16:49:28.610,       2.01,        0.02,        0.13,       2.01
2026-04-15T16:49:29.163,       2.01,        0.00,        0.14,       2.01
2026-04-15T16:49:29.679,       2.01,        0.02,        0.16,       2.01
2026-04-15T16:49:30.192,       2.01,        0.03,        0.19,       2.02
2026-04-15T16:49:30.707,       2.02,        0.04,        0.17,       2.03
2026-04-15T16:49:31.210,       2.00,        0.02,        0.15,       2.01
2026-04-15T16:49:31.727,       2.02,        0.04,        0.21,       2.03
2026-04-15T16:49:32.239,       2.00,       -0.01,        0.14,       2.01
2026-04-15T16:49:32.755,       2.01,        0.02,        0.16,       2.01
2026-04-15T16:49:33.258,       1.99,        0.02,        0.18,       2.00
2026-04-15T16:49:33.775,       1.97,        0.02,        0.18,       1.98
2026-04-15T16:49:34.287,       2.00,        0.01,        0.17,       2.01
2026-04-15T16:49:34.804,       2.01,        0.02,        0.14,       2.02
2026-04-15T16:49:35.321,       2.00,        0.02,        0.20,       2.01
2026-04-15T16:49:35.823,       1.99,        0.02,        0.16,       2.00
2026-04-15T16:49:36.335,       2.02,        0.01,        0.13,       2.03
2026-04-15T16:49:36.852,       2.01,        0.02,        0.20,       2.02
2026-04-15T16:49:37.369,       2.01,        0.03,        0.19,       2.02
2026-04-15T16:49:37.887,       2.00,        0.01,        0.18,       2.01
2026-04-15T16:49:38.433,       2.01,        0.02,        0.22,       2.02
2026-04-15T16:49:38.948,       2.01,        0.00,        0.13,       2.02
2026-04-15T16:49:39.465,       2.01,        0.03,        0.16,       2.01
2026-04-15T16:49:39.965,       2.01,        0.02,        0.16,       2.01
2026-04-15T16:49:40.480,       2.01,        0.03,        0.18,       2.02
2026-04-15T16:49:40.983,       2.01,        0.02,        0.19,       2.02
2026-04-15T16:49:41.499,       2.01,        0.03,        0.13,       2.01
2026-04-15T16:49:42.013,       2.01,        0.02,        0.15,       2.02
2026-04-15T16:49:42.528,       2.01,        0.02,        0.15,       2.02
2026-04-15T16:49:43.031,       2.00,        0.03,        0.16,       2.00
2026-04-15T16:49:43.547,       2.00,        0.02,        0.16,       2.01
2026-04-15T16:49:44.061,       2.02,        0.02,        0.18,       2.02
2026-04-15T16:49:44.577,       2.02,        0.01,        0.17,       2.03
2026-04-15T16:49:45.079,       2.01,        0.03,        0.14,       2.02
2026-04-15T16:49:45.594,       2.01,        0.02,        0.13,       2.01
2026-04-15T16:49:46.108,       1.95,        0.03,        0.10,       1.95
2026-04-15T16:49:46.623,       1.88,        0.02,        0.06,       1.88
2026-04-15T16:49:47.139,       1.77,        0.01,       -0.01,       1.77
2026-04-15T16:49:47.660,       1.69,        0.00,        0.02,       1.69
2026-04-15T16:49:48.175,       1.58,       -0.02,       -0.03,       1.58
2026-04-15T16:49:48.721,       1.50,       -0.01,       -0.03,       1.50
2026-04-15T16:49:49.241,       1.42,       -0.01,        0.03,       1.42
2026-04-15T16:49:49.758,       1.33,       -0.00,       -0.01,       1.33
2026-04-15T16:49:50.270,       1.25,       -0.01,       -0.03,       1.25
2026-04-15T16:49:50.786,       1.15,       -0.02,       -0.04,       1.15
2026-04-15T16:49:51.289,       1.06,       -0.02,        0.03,       1.06
2026-04-15T16:49:51.805,       0.97,        0.01,        0.06,       0.98
2026-04-15T16:49:52.317,       0.88,        0.01,        0.11,       0.89
2026-04-15T16:49:52.833,       0.78,        0.03,        0.13,       0.79
2026-04-15T16:49:53.351,       0.68,        0.01,        0.17,       0.70
2026-04-15T16:49:53.853,       0.59,        0.04,        0.19,       0.62
2026-04-15T16:49:54.365,       0.53,        0.02,        0.13,       0.54
2026-04-15T16:49:54.881,       0.47,        0.01,        0.15,       0.49
2026-04-15T16:49:55.398,       0.40,        0.01,        0.13,       0.42
2026-04-15T16:49:55.917,       0.36,        0.01,        0.12,       0.39
2026-04-15T16:49:56.433,       0.28,       -0.01,        0.06,       0.29
2026-04-15T16:49:56.979,       0.18,       -0.00,        0.04,       0.19
2026-04-15T16:49:57.499,       0.09,       -0.01,       -0.01,       0.09
2026-04-15T16:49:58.014,       0.02,        0.01,       -0.03,       0.04
2026-04-15T16:49:58.527,      -0.00,       -0.00,       -0.01,       0.01
2026-04-15T16:49:59.080,      -0.02,       -0.02,        0.04,       0.05
2026-04-15T16:49:59.597,      -0.01,       -0.01,        0.02,       0.02
2026-04-15T16:50:00.109,      -0.02,        0.01,        0.03,       0.04
2026-04-15T16:50:00.625,      -0.02,       -0.02,       -0.04,       0.05
2026-04-15T16:50:01.142,       0.00,       -0.01,        0.00,       0.01
2026-04-15T16:50:01.661,      -0.01,       -0.02,       -0.02,       0.03
2026-04-15T16:50:02.207,      -0.02,       -0.01,        0.02,       0.03
2026-04-15T16:50:02.722,      -0.01,       -0.01,       -0.02,       0.02
2026-04-15T16:50:03.239,      -0.01,       -0.03,        0.02,       0.04
2026-04-15T16:50:03.758,      -0.01,       -0.00,        0.04,       0.04
2026-04-15T16:50:04.274,      -0.00,       -0.00,        0.04,       0.04
2026-04-15T16:50:04.788,      -0.00,       -0.01,        0.05,       0.05
2026-04-15T16:50:05.303,       0.00,       -0.01,        0.02,       0.03
2026-04-15T16:50:05.819,      -0.01,        0.01,        0.02,       0.02
2026-04-15T16:50:06.322,      -0.01,       -0.01,        0.05,       0.05
2026-04-15T16:50:06.854,      -0.00,       -0.00,        0.03,       0.03
2026-04-15T16:50:07.401,       0.01,        0.01,        0.04,       0.04
2026-04-15T16:50:07.921,       0.00,       -0.02,       -0.01,       0.03
2026-04-15T16:50:08.436,      -0.00,       -0.03,        0.01,       0.04
2026-04-15T16:50:08.949,       0.01,       -0.02,        0.03,       0.03
2026-04-15T16:50:09.465,       0.01,        0.00,        0.03,       0.03
2026-04-15T16:50:09.982,       0.00,        0.01,        0.03,       0.03
2026-04-15T16:50:10.485,      -0.01,       -0.01,        0.02,       0.03
2026-04-15T16:50:10.997,       0.01,       -0.02,       -0.02,       0.03
2026-04-15T16:50:11.513,      -0.01,       -0.02,        0.03,       0.04
2026-04-15T16:50:12.030,      -0.01,       -0.01,       -0.00,       0.01
2026-04-15T16:50:12.533,      -0.00,       -0.00,       -0.01,       0.01
2026-04-15T16:50:13.045,      -0.00,       -0.01,        0.05,       0.05
2026-04-15T16:50:13.561,       0.01,       -0.01,        0.02,       0.03
2026-04-15T16:50:14.078,      -0.00,       -0.03,        0.01,       0.03
2026-04-15T16:50:14.596,       0.00,       -0.01,        0.01,       0.02
2026-04-15T16:50:15.113,       0.01,       -0.02,        0.05,       0.05
2026-04-15T16:50:15.628,      -0.00,       -0.01,        0.02,       0.02
2026-04-15T16:50:16.141,      -0.01,        0.00,        0.04,       0.05
2026-04-15T16:50:16.657,       0.00,       -0.01,        0.01,       0.02
2026-04-15T16:50:17.175,       0.01,       -0.00,        0.04,       0.04
2026-04-15T16:50:17.677,       0.00,       -0.01,        0.05,       0.05
2026-04-15T16:50:18.189,      -0.00,       -0.02,        0.04,       0.05
2026-04-15T16:50:18.705,       0.00,       -0.03,        0.04,       0.05
2026-04-15T16:50:19.222,      -0.01,       -0.01,        0.01,       0.01
2026-04-15T16:50:19.741,       0.01,        0.00,        0.02,       0.03
2026-04-15T16:50:20.254,      -0.01,       -0.01,        0.01,       0.02
2026-04-15T16:50:20.771,      -0.01,       -0.02,       -0.02,       0.03
2026-04-15T16:50:21.286,      -0.00,       -0.00,        0.05,       0.05
2026-04-15T16:50:21.805,      -0.01,        0.01,        0.05,       0.05
2026-04-15T16:50:22.322,      -0.00,       -0.01,        0.03,       0.03
2026-04-15T16:50:22.884,      -0.00,       -0.01,        0.00,       0.01
2026-04-15T16:50:23.450,       0.00,       -0.01,        0.04,       0.04
2026-04-15T16:50:23.952,      -0.01,       -0.01,        0.04,       0.04
2026-04-15T16:50:24.469,      -0.00,       -0.01,        0.01,       0.02
2026-04-15T16:50:24.983,       0.00,       -0.01,        0.04,       0.04
2026-04-15T16:50:25.498,       0.03,       -0.00,        0.00,       0.03
2026-04-15T16:50:26.015,       0.00,       -0.00,        0.00,       0.00
2026-04-15T16:50:26.534,       0.01,       -0.01,        0.03,       0.03
2026-04-15T16:50:27.048,       0.00,       -0.01,        0.04,       0.04
2026-04-15T16:50:27.613,       0.00,       -0.03,        0.02,       0.03
2026-04-15T16:50:28.128,      -0.01,       -0.03,       -0.03,       0.04
2026-04-15T16:50:28.647,      -0.02,        0.01,        0.04,       0.04
2026-04-15T16:50:29.164,      -0.00,       -0.00,        0.00,       0.01
2026-04-15T16:50:29.677,       0.01,       -0.01,        0.00,       0.01
2026-04-15T16:50:30.193,       0.01,       -0.00,        0.02,       0.03
2026-04-15T16:50:30.709,       0.01,       -0.02,       -0.01,       0.03
2026-04-15T16:50:31.228,       0.00,        0.00,        0.02,       0.02
2026-04-15T16:50:31.744,       0.01,        0.00,        0.02,       0.02
2026-04-15T16:50:32.308,       0.00,       -0.02,       -0.01,       0.02
2026-04-15T16:50:32.860,      -0.00,       -0.01,        0.03,       0.03
2026-04-15T16:50:33.376,       0.00,        0.01,        0.05,       0.05
2026-04-15T16:50:33.889,       0.00,       -0.00,        0.06,       0.06
2026-04-15T16:50:34.406,       0.01,       -0.01,        0.03,       0.03
2026-04-15T16:50:34.921,       0.01,       -0.01,        0.03,       0.03
2026-04-15T16:50:35.423,       0.01,        0.00,        0.05,       0.05
2026-04-15T16:50:35.937,      -0.01,       -0.02,        0.02,       0.03
2026-04-15T16:50:36.454,      -0.00,        0.00,        0.05,       0.05
2026-04-15T16:50:36.968,       0.00,        0.02,        0.07,       0.07
2026-04-15T16:50:37.487,       0.01,       -0.02,        0.05,       0.06
2026-04-15T16:50:38.004,       0.01,        0.00,        0.07,       0.08
2026-04-15T16:50:38.517,       0.00,       -0.01,        0.05,       0.05
2026-04-15T16:50:39.033,       0.00,       -0.01,        0.04,       0.04
2026-04-15T16:50:39.535,       0.00,       -0.02,        0.01,       0.02
2026-04-15T16:50:40.052,       0.02,        0.01,        0.04,       0.05
2026-04-15T16:50:40.565,       0.01,        0.01,        0.03,       0.04
2026-04-15T16:50:41.082,      -0.00,       -0.01,        0.03,       0.03
2026-04-15T16:50:41.598,      -0.01,       -0.02,        0.02,       0.03
2026-04-15T16:50:42.117,       0.01,        0.01,        0.04,       0.05
2026-04-15T16:50:42.632,       0.00,       -0.01,        0.00,       0.01
2026-04-15T16:50:43.149,      -0.01,        0.01,        0.01,       0.01
2026-04-15T16:50:43.662,      -0.00,        0.01,       -0.04,       0.04
2026-04-15T16:50:44.177,      -0.00,       -0.01,        0.03,       0.03
2026-04-15T16:50:44.694,       0.02,       -0.03,        0.04,       0.06
2026-04-15T16:50:45.212,       0.01,        0.01,        0.04,       0.04
2026-04-15T16:50:45.728,       0.00,       -0.03,        0.03,       0.04
2026-04-15T16:50:46.243,      -0.00,       -0.01,       -0.00,       0.01
2026-04-15T16:50:46.758,      -0.01,       -0.00,        0.02,       0.02
2026-04-15T16:50:47.274,      -0.01,        0.00,        0.05,       0.05
2026-04-15T16:50:47.794,       0.02,       -0.00,        0.00,       0.02
2026-04-15T16:50:48.309,       0.01,       -0.00,        0.01,       0.02
2026-04-15T16:50:48.823,       0.01,       -0.00,       -0.01,       0.01
2026-04-15T16:50:49.340,       0.01,       -0.01,        0.05,       0.05
2026-04-15T16:50:49.855,       0.00,       -0.04,       -0.01,       0.04
2026-04-15T16:50:50.357,      -0.01,       -0.03,       -0.02,       0.04
2026-04-15T16:50:50.871,      -0.01,        0.00,        0.01,       0.02
2026-04-15T16:50:51.387,      -0.00,       -0.02,       -0.01,       0.02
2026-04-15T16:50:51.902,      -0.01,       -0.01,        0.00,       0.01
2026-04-15T16:50:52.421,       0.01,       -0.02,        0.03,       0.03
2026-04-15T16:50:52.938,      -0.00,        0.00,        0.01,       0.01
2026-04-15T16:50:53.451,      -0.00,       -0.01,       -0.03,       0.03
2026-04-15T16:50:53.967,      -0.00,       -0.02,       -0.02,       0.03
2026-04-15T16:50:54.484,       0.00,       -0.04,       -0.03,       0.04
2026-04-15T16:50:55.002,       0.00,       -0.01,        0.05,       0.05
2026-04-15T16:50:55.518,      -0.00,       -0.02,        0.02,       0.03
2026-04-15T16:50:56.035,      -0.01,        0.00,       -0.00,       0.01
2026-04-15T16:50:56.548,      -0.01,       -0.00,       -0.02,       0.02
2026-04-15T16:50:57.064,      -0.00,        0.01,       -0.02,       0.02
2026-04-15T16:50:57.566,      -0.00,        0.01,        0.02,       0.03
2026-04-15T16:50:58.082,       0.00,       -0.02,       -0.02,       0.03
2026-04-15T16:50:58.595,      -0.00,        0.00,        0.01,       0.01
2026-04-15T16:50:59.111,       0.01,       -0.02,        0.03,       0.04
2026-04-15T16:50:59.628,       0.01,       -0.05,       -0.06,       0.08
2026-04-15T16:51:00.146,       0.00,       -0.01,        0.03,       0.03
2026-04-15T16:51:00.662,       0.00,       -0.01,        0.01,       0.02
2026-04-15T16:51:01.177,       0.01,       -0.01,        0.04,       0.04
2026-04-15T16:51:01.692,       0.02,       -0.01,        0.07,       0.07
2026-04-15T16:51:02.207,       0.02,        0.00,        0.03,       0.03
2026-04-15T16:51:02.728,       0.01,       -0.03,        0.01,       0.03
2026-04-15T16:51:03.243,      -0.00,       -0.02,        0.04,       0.05
2026-04-15T16:51:03.789,       0.00,       -0.01,        0.01,       0.01
2026-04-15T16:51:04.308,      -0.00,        0.00,        0.04,       0.04
2026-04-15T16:51:04.875,       0.01,       -0.01,        0.04,       0.04
2026-04-15T16:51:05.437,      -0.01,       -0.01,        0.03,       0.03
2026-04-15T16:51:05.954,       0.01,        0.00,        0.02,       0.02
2026-04-15T16:51:06.474,       0.00,       -0.04,       -0.04,       0.06
2026-04-15T16:51:06.989,      -0.01,       -0.01,       -0.02,       0.02
2026-04-15T16:51:07.535,       0.01,       -0.01,        0.00,       0.01
2026-04-15T16:51:08.054,       0.02,       -0.03,        0.03,       0.05
2026-04-15T16:51:08.571,       0.00,       -0.02,        0.07,       0.08
2026-04-15T16:51:09.084,      -0.01,       -0.03,        0.01,       0.04
2026-04-15T16:51:09.600,      -0.01,       -0.03,       -0.01,       0.03
2026-04-15T16:51:10.117,      -0.01,       -0.02,       -0.02,       0.03
2026-04-15T16:51:10.635,      -0.01,       -0.03,        0.02,       0.04
2026-04-15T16:51:11.201,      -0.01,       -0.02,        0.00,       0.02
2026-04-15T16:51:11.765,      -0.01,       -0.03,       -0.01,       0.04
2026-04-15T16:51:12.280,      -0.01,       -0.03,       -0.02,       0.03
2026-04-15T16:51:12.799,       0.00,       -0.02,        0.01,       0.02
2026-04-15T16:51:13.346,      -0.00,       -0.02,       -0.04,       0.04
2026-04-15T16:51:13.863,      -0.01,       -0.00,       -0.03,       0.03
2026-04-15T16:51:14.380,       0.00,       -0.02,       -0.00,       0.02
2026-04-15T16:51:14.897,       0.01,        0.00,        0.02,       0.03
2026-04-15T16:51:15.414,      -0.00,       -0.00,        0.05,       0.05
2026-04-15T16:51:15.927,       0.01,       -0.02,        0.01,       0.03
2026-04-15T16:51:16.443,       0.01,       -0.02,        0.03,       0.04
2026-04-15T16:51:16.958,       0.02,       -0.02,        0.04,       0.05
2026-04-15T16:51:17.477,       0.00,       -0.01,        0.04,       0.04
2026-04-15T16:51:17.993,      -0.01,       -0.01,        0.03,       0.03
2026-04-15T16:51:18.540,      -0.01,       -0.02,        0.03,       0.03
2026-04-15T16:51:19.060,      -0.01,       -0.02,       -0.02,       0.03
2026-04-15T16:51:19.575,      -0.00,       -0.01,        0.00,       0.01
2026-04-15T16:51:20.088,      -0.02,       -0.02,        0.02,       0.03
2026-04-15T16:51:20.606,      -0.02,       -0.01,        0.05,       0.05
2026-04-15T16:51:21.121,      -0.01,       -0.02,        0.00,       0.02
2026-04-15T16:51:21.640,      -0.01,       -0.02,       -0.05,       0.06
2026-04-15T16:51:22.157,      -0.01,       -0.03,       -0.03,       0.05
2026-04-15T16:51:22.669,      -0.01,       -0.03,       -0.00,       0.03
2026-04-15T16:51:23.184,      -0.02,       -0.01,       -0.02,       0.03
2026-04-15T16:51:23.701,      -0.01,       -0.02,        0.00,       0.02
2026-04-15T16:51:24.204,      -0.00,       -0.02,       -0.02,       0.02
2026-04-15T16:51:24.716,      -0.02,        0.00,        0.02,       0.03
2026-04-15T16:51:25.232,      -0.01,       -0.01,        0.01,       0.02
2026-04-15T16:51:25.749,      -0.00,        0.01,       -0.02,       0.02
2026-04-15T16:51:26.268,      -0.02,       -0.00,       -0.01,       0.02
2026-04-15T16:51:26.784,      -0.02,       -0.00,        0.01,       0.02
2026-04-15T16:51:27.348,       0.01,       -0.01,        0.02,       0.02
2026-04-15T16:51:27.912,       0.01,       -0.03,       -0.01,       0.03
2026-04-15T16:51:28.415,      -0.01,       -0.02,       -0.12,       0.12
2026-04-15T16:51:28.929,       0.00,       -0.01,        0.01,       0.01
2026-04-15T16:51:29.445,      -0.00,       -0.01,        0.00,       0.01
2026-04-15T16:51:29.961,      -0.01,       -0.02,        0.01,       0.03
2026-04-15T16:51:30.480,       0.00,       -0.02,       -0.01,       0.03
2026-04-15T16:51:30.997,       0.01,       -0.02,       -0.01,       0.02
2026-04-15T16:51:31.509,       0.00,       -0.04,        0.02,       0.04
2026-04-15T16:51:32.026,      -0.00,       -0.02,        0.02,       0.03
2026-04-15T16:51:32.528,      -0.01,       -0.02,        0.06,       0.06
2026-04-15T16:51:33.045,      -0.01,       -0.01,        0.04,       0.04
2026-04-15T16:51:33.557,      -0.01,       -0.02,       -0.01,       0.03
2026-04-15T16:51:34.073,      -0.01,       -0.01,       -0.02,       0.02
2026-04-15T16:51:34.589,      -0.01,       -0.01,       -0.00,       0.01
2026-04-15T16:51:35.108,      -0.01,       -0.03,       -0.02,       0.03
2026-04-15T16:51:35.624,      -0.01,       -0.02,       -0.01,       0.03
2026-04-15T16:51:36.141,      -0.03,       -0.01,        0.02,       0.04
2026-04-15T16:51:36.654,      -0.03,       -0.03,        0.01,       0.04
2026-04-15T16:51:37.170,       0.00,       -0.02,        0.01,       0.02
2026-04-15T16:51:37.672,       0.01,       -0.03,        0.03,       0.04
2026-04-15T16:51:38.189,       0.01,        0.01,        0.05,       0.05
2026-04-15T16:51:38.702,      -0.01,       -0.02,       -0.02,       0.03
2026-04-15T16:51:39.218,      -0.00,       -0.04,       -0.04,       0.05
2026-04-15T16:51:39.735,      -0.00,       -0.03,       -0.06,       0.07
2026-04-15T16:51:40.237,      -0.01,       -0.03,       -0.02,       0.04
2026-04-15T16:51:40.749,      -0.01,       -0.02,       -0.00,       0.03
2026-04-15T16:51:41.266,      -0.02,       -0.01,       -0.00,       0.02
2026-04-15T16:51:41.781,      -0.02,       -0.01,        0.03,       0.04
2026-04-15T16:51:42.300,      -0.00,        0.01,       -0.01,       0.01
2026-04-15T16:51:42.816,      -0.00,       -0.03,       -0.05,       0.06
2026-04-15T16:51:43.331,      -0.00,       -0.04,       -0.00,       0.04
2026-04-15T16:51:43.884,      -0.01,       -0.01,        0.01,       0.02
2026-04-15T16:51:44.397,       0.00,       -0.02,       -0.01,       0.02
2026-04-15T16:51:44.912,       0.00,       -0.03,        0.01,       0.03
2026-04-15T16:51:45.428,       0.00,       -0.01,        0.02,       0.02
2026-04-15T16:51:45.931,       0.00,       -0.05,       -0.02,       0.05
2026-04-15T16:51:46.446,       0.00,       -0.03,       -0.04,       0.05
2026-04-15T16:51:46.640,        NaN,         NaN,         NaN,        NaN
2026-04-15T16:51:46.959,      -0.01,       -0.02,        0.01,       0.01
2026-04-15T16:51:47.476,      -0.01,        0.00,        0.01,       0.04
2026-04-15T16:51:47.990,      -0.00,       -0.02,        0.01,       0.02
2026-04-15T16:51:48.490,      -0.01,       -0.01,        0.02,       0.04
2026-04-15T16:51:49.006,      -0.00,       -0.02,       -0.01,       0.01
2026-04-15T16:51:49.523,       0.01,       -0.02,        0.05,       0.05
2026-04-15T16:51:50.026,      -0.00,       -0.03,       -0.01,       0.01
2026-04-15T16:51:50.538,      -0.02,       -0.01,       -0.02,       0.03
2026-04-15T16:51:51.054,      -0.01,       -0.02,        0.01,       0.03
2026-04-15T16:51:51.557,      -0.00,        0.01,        0.04,       0.06
2026-04-15T16:51:52.074,      -0.01,       -0.00,        0.06,       0.07
2026-04-15T16:51:52.586,       0.00,       -0.01,       -0.01,       0.02
2026-04-15T16:51:53.103,      -0.01,       -0.02,       -0.03,       0.04
2026-04-15T16:51:53.620,       0.00,       -0.01,       -0.00,       0.02
2026-04-15T16:51:54.138,       0.01,       -0.02,        0.02,       0.03
2026-04-15T16:51:54.654,       0.01,        0.01,        0.06,       0.07
2026-04-15T16:51:55.199,       0.03,        0.01,        0.09,       0.10
2026-04-15T16:51:55.716,       0.01,       -0.01,        0.04,       0.05
2026-04-15T16:51:56.235,      -0.00,       -0.03,       -0.01,       0.02
2026-04-15T16:51:56.751,      -0.00,       -0.03,        0.01,       0.01
2026-04-15T16:51:57.315,       0.02,       -0.02,        0.06,       0.07
2026-04-15T16:51:57.818,       0.01,       -0.01,        0.01,       0.02
2026-04-15T16:51:58.333,      -0.00,       -0.01,        0.05,       0.06
2026-04-15T16:51:58.846,      -0.00,       -0.01,       -0.00,       0.02
2026-04-15T16:51:59.364,       0.02,       -0.00,        0.03,       0.05
2026-04-15T16:51:59.878,       0.00,       -0.03,       -0.01,       0.01
2026-04-15T16:52:00.397,       0.00,       -0.02,       -0.02,       0.02
2026-04-15T16:52:00.944,       0.01,       -0.04,       -0.02,       0.02
2026-04-15T16:52:01.460,      -0.01,       -0.03,       -0.00,       0.02
2026-04-15T16:52:01.979,       0.00,       -0.01,        0.02,       0.03
2026-04-15T16:52:02.495,       0.01,       -0.00,        0.04,       0.06
2026-04-15T16:52:03.042,      -0.00,       -0.02,        0.02,       0.03
2026-04-15T16:52:03.561,      -0.01,       -0.01,        0.01,       0.03
2026-04-15T16:52:04.077,       0.00,       -0.00,        0.04,       0.06
2026-04-15T16:52:04.623,      -0.02,       -0.01,        0.00,       0.03
2026-04-15T16:52:05.142,      -0.00,       -0.03,        0.02,       0.02
2026-04-15T16:52:05.689,      -0.00,       -0.02,       -0.03,       0.03
2026-04-15T16:52:06.206,       0.00,       -0.02,       -0.02,       0.02
2026-04-15T16:52:06.708,       0.01,       -0.01,       -0.07,       0.07
2026-04-15T16:52:07.220,       0.01,       -0.01,        0.03,       0.04
2026-04-15T16:52:07.736,       0.02,       -0.02,        0.04,       0.05
2026-04-15T16:52:08.253,       0.02,       -0.01,       -0.03,       0.04
2026-04-15T16:52:08.772,       0.01,       -0.02,        0.01,       0.02
2026-04-15T16:52:09.318,      -0.00,       -0.01,        0.06,       0.06
2026-04-15T16:52:09.833,       0.03,       -0.00,        0.04,       0.06
2026-04-15T16:52:10.354,       0.01,       -0.01,        0.08,       0.08
2026-04-15T16:52:10.869,       0.00,       -0.00,        0.02,       0.04
2026-04-15T16:52:11.433,      -0.00,       -0.02,        0.04,       0.04
2026-04-15T16:52:11.935,      -0.00,        0.00,        0.04,       0.05
2026-04-15T16:52:12.452,      -0.00,       -0.01,       -0.01,       0.03
2026-04-15T16:52:12.964,      -0.01,       -0.04,       -0.05,       0.05
2026-04-15T16:52:13.530,       0.01,       -0.03,        0.03,       0.03
2026-04-15T16:52:14.033,       0.00,       -0.02,        0.01,       0.02
2026-04-15T16:52:14.549,       0.00,       -0.02,        0.03,       0.03
2026-04-15T16:52:15.061,       0.02,       -0.01,       -0.02,       0.03
2026-04-15T16:52:15.577,      -0.00,       -0.02,       -0.00,       0.02
2026-04-15T16:52:16.080,      -0.00,       -0.03,        0.02,       0.02
2026-04-15T16:52:16.598,       0.00,       -0.02,        0.07,       0.08
2026-04-15T16:52:17.160,      -0.01,        0.00,        0.05,       0.06
2026-04-15T16:52:17.662,      -0.02,       -0.02,       -0.03,       0.04
2026-04-15T16:52:18.175,      -0.01,       -0.02,       -0.04,       0.04
2026-04-15T16:52:18.693,       0.01,        0.00,        0.06,       0.08
2026-04-15T16:52:19.207,       0.01,       -0.01,       -0.00,       0.03
2026-04-15T16:52:19.710,       0.01,       -0.03,        0.02,       0.03
2026-04-15T16:52:20.224,      -0.01,       -0.03,       -0.03,       0.03
2026-04-15T16:52:20.740,      -0.02,       -0.03,       -0.02,       0.03
2026-04-15T16:52:21.254,      -0.01,       -0.02,       -0.02,       0.03
2026-04-15T16:52:21.757,       0.00,       -0.03,       -0.03,       0.03
2026-04-15T16:52:22.270,       0.01,       -0.03,       -0.02,       0.02
2026-04-15T16:52:22.787,       0.00,       -0.03,        0.00,       0.01
2026-04-15T16:52:23.302,       0.00,       -0.01,       -0.00,       0.02
2026-04-15T16:52:23.822,      -0.01,       -0.03,       -0.00,       0.02
2026-04-15T16:52:24.339,      -0.00,       -0.03,       -0.02,       0.02
2026-04-15T16:52:24.901,      -0.01,       -0.01,        0.02,       0.04
2026-04-15T16:52:25.404,      -0.01,       -0.03,       -0.02,       0.02
2026-04-15T16:52:25.920,      -0.01,       -0.03,       -0.02,       0.02
2026-04-15T16:52:26.436,      -0.01,       -0.02,        0.00,       0.02
2026-04-15T16:52:26.950,      -0.00,       -0.03,       -0.01,       0.01
2026-04-15T16:52:27.452,       0.00,       -0.02,       -0.01,       0.01
2026-04-15T16:52:27.967,       0.01,       -0.01,        0.01,       0.03
2026-04-15T16:52:28.484,      -0.00,       -0.02,        0.04,       0.04
2026-04-15T16:52:28.996,      -0.00,       -0.02,       -0.03,       0.03
2026-04-15T16:52:29.512,      -0.00,       -0.02,       -0.05,       0.05
2026-04-15T16:52:30.015,      -0.00,       -0.04,       -0.06,       0.06
2026-04-15T16:52:30.532,      -0.02,       -0.04,       -0.08,       0.08
2026-04-15T16:52:31.045,      -0.02,       -0.04,       -0.06,       0.06
2026-04-15T16:52:31.547,      -0.01,       -0.03,       -0.04,       0.04
2026-04-15T16:52:32.063,      -0.00,       -0.02,        0.05,       0.05
2026-04-15T16:52:32.577,      -0.00,       -0.03,        0.03,       0.04
2026-04-15T16:52:33.092,       0.01,       -0.03,        0.04,       0.04
2026-04-15T16:52:33.595,      -0.00,       -0.02,       -0.00,       0.01
2026-04-15T16:52:34.111,      -0.01,       -0.02,       -0.01,       0.02
2026-04-15T16:52:34.625,      -0.01,       -0.02,       -0.00,       0.02
2026-04-15T16:52:35.141,       0.01,       -0.03,        0.00,       0.01
2026-04-15T16:52:35.643,      -0.01,       -0.02,       -0.01,       0.02
2026-04-15T16:52:36.158,      -0.00,       -0.00,        0.01,       0.03
2026-04-15T16:52:36.722,      -0.01,       -0.04,       -0.04,       0.04
2026-04-15T16:52:37.225,      -0.01,       -0.02,       -0.03,       0.03
2026-04-15T16:52:37.740,      -0.01,       -0.06,       -0.06,       0.07
2026-04-15T16:52:38.254,      -0.04,       -0.04,       -0.03,       0.05
2026-04-15T16:52:38.770,      -0.02,       -0.01,       -0.01,       0.04
2026-04-15T16:52:39.286,      -0.03,       -0.04,       -0.02,       0.04
2026-04-15T16:52:39.788,      -0.01,       -0.04,       -0.02,       0.03
2026-04-15T16:52:40.301,      -0.02,       -0.04,       -0.05,       0.05
2026-04-15T16:52:40.819,      -0.02,       -0.02,       -0.02,       0.03
2026-04-15T16:52:41.333,      -0.02,       -0.02,       -0.01,       0.03
2026-04-15T16:52:41.833,      -0.03,       -0.03,       -0.01,       0.03
2026-04-15T16:52:42.349,      -0.02,       -0.01,        0.01,       0.03
2026-04-15T16:52:42.865,      -0.02,       -0.03,       -0.01,       0.02
2026-04-15T16:52:43.384,      -0.01,       -0.02,       -0.05,       0.05
2026-04-15T16:52:43.930,      -0.02,       -0.05,       -0.05,       0.05
2026-04-15T16:52:44.446,      -0.01,       -0.01,        0.01,       0.02
2026-04-15T16:52:44.963,      -0.01,       -0.02,       -0.01,       0.02
2026-04-15T16:52:45.482,      -0.02,       -0.03,        0.02,       0.02
2026-04-15T16:52:45.998,      -0.02,       -0.04,       -0.01,       0.03
2026-04-15T16:52:46.544,      -0.01,       -0.02,        0.01,       0.02
2026-04-15T16:52:47.064,      -0.01,       -0.03,       -0.04,       0.04
2026-04-15T16:52:47.579,       0.00,       -0.03,        0.03,       0.03
2026-04-15T16:52:48.092,      -0.02,       -0.01,       -0.04,       0.05
2026-04-15T16:52:48.594,      -0.02,       -0.01,        0.02,       0.04
2026-04-15T16:52:49.111,      -0.01,       -0.01,       -0.00,       0.03
2026-04-15T16:52:49.675,      -0.01,       -0.01,       -0.01,       0.03
2026-04-15T16:52:50.226,      -0.02,       -0.03,        0.00,       0.02
2026-04-15T16:52:50.743,      -0.02,       -0.05,        0.01,       0.02
2026-04-15T16:52:51.260,      -0.02,       -0.02,        0.01,       0.03
2026-04-15T16:52:51.809,      -0.01,       -0.02,       -0.00,       0.02
2026-04-15T16:52:52.324,      -0.01,       -0.02,       -0.05,       0.05
2026-04-15T16:52:52.837,      -0.01,       -0.01,       -0.02,       0.03
2026-04-15T16:52:53.390,      -0.02,       -0.03,       -0.03,       0.03
2026-04-15T16:52:53.907,      -0.01,       -0.01,       -0.01,       0.03
2026-04-15T16:52:54.419,      -0.01,       -0.03,       -0.03,       0.03
2026-04-15T16:52:54.971,      -0.02,       -0.01,       -0.02,       0.03
2026-04-15T16:52:55.488,      -0.01,       -0.02,       -0.05,       0.05
2026-04-15T16:52:56.004,       0.00,       -0.03,       -0.05,       0.05
2026-04-15T16:52:56.516,      -0.02,       -0.03,       -0.02,       0.03
2026-04-15T16:52:57.018,      -0.02,       -0.04,       -0.03,       0.04
2026-04-15T16:52:57.535,      -0.02,       -0.03,       -0.02,       0.03
2026-04-15T16:52:58.051,      -0.01,       -0.01,        0.02,       0.04
2026-04-15T16:52:58.601,      -0.01,       -0.02,        0.02,       0.03
2026-04-15T16:52:59.117,      -0.01,       -0.04,       -0.02,       0.02
2026-04-15T16:52:59.630,      -0.01,       -0.02,       -0.03,       0.03
2026-04-15T16:53:00.129,      -0.02,       -0.03,       -0.00,       0.02
2026-04-15T16:53:00.650,      -0.01,       -0.01,        0.04,       0.04
2026-04-15T16:53:01.164,      -0.00,       -0.02,        0.01,       0.02
2026-04-15T16:53:01.678,      -0.03,       -0.03,       -0.03,       0.04
2026-04-15T16:53:02.229,      -0.02,       -0.03,        0.01,       0.02
2026-04-15T16:53:02.746,      -0.02,       -0.03,       -0.01,       0.03
2026-04-15T16:53:03.260,      -0.02,       -0.01,        0.05,       0.06
2026-04-15T16:53:03.811,      -0.01,       -0.03,        0.02,       0.02
2026-04-15T16:53:04.328,      -0.02,       -0.05,        0.00,       0.03
2026-04-15T16:53:04.874,      -0.02,       -0.02,       -0.01,       0.03
2026-04-15T16:53:05.394,      -0.02,       -0.02,       -0.02,       0.03
2026-04-15T16:53:05.910,      -0.00,       -0.05,       -0.03,       0.03
2026-04-15T16:53:06.423,      -0.01,       -0.02,        0.02,       0.02
2026-04-15T16:53:06.974,      -0.01,       -0.02,       -0.01,       0.02
2026-04-15T16:53:07.492,       0.01,       -0.01,       -0.03,       0.04
2026-04-15T16:53:08.004,      -0.01,       -0.02,        0.02,       0.02
2026-04-15T16:53:08.571,      -0.02,       -0.01,        0.03,       0.04
2026-04-15T16:53:09.072,      -0.01,       -0.02,        0.01,       0.02
2026-04-15T16:53:09.589,      -0.01,       -0.04,       -0.03,       0.03
2026-04-15T16:53:10.102,      -0.01,       -0.01,       -0.05,       0.06
2026-04-15T16:53:10.605,      -0.00,       -0.01,        0.02,       0.03
2026-04-15T16:53:11.121,      -0.00,       -0.02,        0.05,       0.05
2026-04-15T16:53:11.637,       0.00,       -0.04,       -0.02,       0.02
2026-04-15T16:53:12.149,      -0.02,       -0.02,       -0.01,       0.02
2026-04-15T16:53:12.651,      -0.01,       -0.01,        0.00,       0.03
2026-04-15T16:53:13.167,      -0.01,       -0.03,       -0.01,       0.02
2026-04-15T16:53:13.684,      -0.01,       -0.02,        0.00,       0.02
2026-04-15T16:53:14.234,      -0.02,       -0.02,        0.00,       0.02
2026-04-15T16:53:14.749,      -0.01,        0.00,        0.02,       0.04
2026-04-15T16:53:15.314,      -0.02,       -0.01,       -0.01,       0.03
2026-04-15T16:53:15.815,      -0.01,       -0.02,       -0.01,       0.02
2026-04-15T16:53:16.333,      -0.01,       -0.02,        0.01,       0.02
2026-04-15T16:53:16.845,      -0.03,       -0.02,        0.01,       0.04
2026-04-15T16:53:17.360,      -0.03,       -0.04,        0.02,       0.03
2026-04-15T16:53:17.877,      -0.02,       -0.05,       -0.04,       0.05
2026-04-15T16:53:18.379,      -0.02,       -0.04,       -0.02,       0.03
2026-04-15T16:53:18.892,      -0.02,       -0.04,       -0.04,       0.04
2026-04-15T16:53:19.444,      -0.02,       -0.03,       -0.01,       0.02
2026-04-15T16:53:19.960,      -0.02,       -0.03,        0.00,       0.03
2026-04-15T16:53:20.477,      -0.01,       -0.02,       -0.02,       0.03
2026-04-15T16:53:20.991,      -0.00,       -0.01,       -0.03,       0.04
2026-04-15T16:53:21.492,      -0.01,       -0.03,        0.02,       0.02
2026-04-15T16:53:22.009,      -0.01,       -0.03,       -0.02,       0.02
2026-04-15T16:53:22.526,      -0.01,       -0.02,        0.04,       0.05
2026-04-15T16:53:23.074,      -0.01,       -0.01,       -0.01,       0.03
2026-04-15T16:53:23.589,      -0.01,       -0.05,       -0.04,       0.05
2026-04-15T16:53:24.103,      -0.00,       -0.04,       -0.01,       0.01
2026-04-15T16:53:24.655,      -0.00,       -0.02,        0.01,       0.02
2026-04-15T16:53:25.172,      -0.01,       -0.02,       -0.00,       0.02
2026-04-15T16:53:25.685,       0.00,       -0.01,       -0.03,       0.04
2026-04-15T16:53:26.202,      -0.01,       -0.02,        0.01,       0.03
2026-04-15T16:53:26.704,      -0.00,       -0.04,       -0.05,       0.05
2026-04-15T16:53:27.220,       0.00,       -0.03,       -0.04,       0.04
2026-04-15T16:53:27.733,      -0.01,       -0.03,       -0.03,       0.04
2026-04-15T16:53:28.235,      -0.01,       -0.03,       -0.00,       0.02
2026-04-15T16:53:28.752,      -0.01,       -0.01,        0.00,       0.03
2026-04-15T16:53:29.297,      -0.01,       -0.02,       -0.02,       0.03
2026-04-15T16:53:29.814,      -0.01,       -0.02,        0.01,       0.02
2026-04-15T16:53:30.317,      -0.02,       -0.04,       -0.04,       0.04
2026-04-15T16:53:30.829,      -0.01,       -0.01,        0.02,       0.03
2026-04-15T16:53:31.332,      -0.03,       -0.03,       -0.02,       0.03
2026-04-15T16:53:31.847,      -0.02,       -0.02,        0.00,       0.03
2026-04-15T16:53:32.394,      -0.01,       -0.01,        0.02,       0.03
2026-04-15T16:53:32.676,        NaN,         NaN,         NaN,        NaN
2026-04-15T16:53:32.897,      -0.02,       -0.03,       -0.04,       0.04
2026-04-15T16:53:33.411,      -0.01,       -0.03,       -0.04,       0.04
2026-04-15T16:53:33.964,      -0.01,       -0.04,       -0.01,       0.01
2026-04-15T16:53:34.478,      -0.01,       -0.01,       -0.01,       0.02
2026-04-15T16:53:34.991,      -0.02,       -0.03,        0.01,       0.02
2026-04-15T16:53:35.493,      -0.01,       -0.02,        0.04,       0.05
2026-04-15T16:53:36.011,      -0.01,       -0.03,        0.01,       0.01
2026-04-15T16:53:36.556,       0.00,       -0.03,        0.00,       0.01
2026-04-15T16:53:37.076,       0.00,       -0.03,       -0.01,       0.01
2026-04-15T16:53:37.591,       0.00,       -0.04,        0.03,       0.04
2026-04-15T16:53:38.159,       0.01,       -0.02,        0.03,       0.03
2026-04-15T16:53:38.707,       0.00,       -0.02,       -0.00,       0.02
2026-04-15T16:53:39.222,      -0.00,       -0.05,       -0.02,       0.02
2026-04-15T16:53:39.786,       0.00,       -0.03,       -0.03,       0.03
2026-04-15T16:53:40.288,       0.00,       -0.02,        0.01,       0.01
2026-04-15T16:53:40.806,      -0.02,       -0.03,       -0.03,       0.03
2026-04-15T16:53:41.318,      -0.00,       -0.03,       -0.02,       0.02
2026-04-15T16:53:41.870,      -0.01,       -0.02,        0.03,       0.04
2026-04-15T16:53:42.386,      -0.02,       -0.03,       -0.02,       0.03
2026-04-15T16:53:42.932,      -0.01,       -0.02,       -0.03,       0.04
2026-04-15T16:53:43.453,      -0.02,       -0.03,        0.02,       0.03
2026-04-15T16:53:43.999,      -0.01,       -0.01,       -0.00,       0.03
2026-04-15T16:53:44.515,      -0.01,       -0.03,       -0.00,       0.01
2026-04-15T16:53:45.017,      -0.01,       -0.03,       -0.02,       0.02
2026-04-15T16:53:45.530,      -0.01,       -0.02,       -0.04,       0.04
2026-04-15T16:53:46.032,      -0.02,       -0.02,       -0.01,       0.03
2026-04-15T16:53:46.550,      -0.02,       -0.02,        0.00,       0.02
2026-04-15T16:53:47.064,      -0.00,       -0.01,        0.03,       0.04
2026-04-15T16:53:47.615,      -0.01,       -0.03,       -0.01,       0.01
2026-04-15T16:53:48.130,      -0.01,       -0.03,       -0.07,       0.07
2026-04-15T16:53:48.694,      -0.02,       -0.02,        0.01,       0.03
2026-04-15T16:53:49.246,      -0.00,       -0.02,       -0.01,       0.02
2026-04-15T16:53:49.761,      -0.02,       -0.04,       -0.01,       0.02
2026-04-15T16:53:50.275,      -0.02,       -0.03,        0.01,       0.02
2026-04-15T16:53:50.777,      -0.02,       -0.04,       -0.00,       0.02
2026-04-15T16:53:51.295,      -0.03,       -0.03,       -0.04,       0.05
2026-04-15T16:53:51.857,      -0.01,       -0.03,       -0.01,       0.01
2026-04-15T16:53:52.359,      -0.00,       -0.03,       -0.04,       0.04
2026-04-15T16:53:52.874,      -0.01,       -0.06,       -0.07,       0.08
2026-04-15T16:53:53.420,      -0.02,       -0.05,       -0.10,       0.11
2026-04-15T16:53:53.939,      -0.02,       -0.01,       -0.01,       0.03
2026-04-15T16:53:54.441,      -0.02,       -0.02,        0.00,       0.02
2026-04-15T16:53:54.952,      -0.01,       -0.03,       -0.03,       0.03
2026-04-15T16:53:55.456,       0.00,       -0.03,        0.04,       0.04
2026-04-15T16:53:55.971,      -0.01,       -0.02,       -0.02,       0.03
2026-04-15T16:53:56.517,      -0.02,       -0.02,        0.04,       0.04
2026-04-15T16:53:57.035,       0.00,       -0.01,        0.07,       0.07
2026-04-15T16:53:57.535,      -0.01,       -0.02,       -0.02,       0.03
2026-04-15T16:53:58.049,      -0.02,       -0.03,       -0.01,       0.03
2026-04-15T16:53:58.553,      -0.00,       -0.01,        0.06,       0.06
2026-04-15T16:53:59.067,      -0.00,       -0.00,        0.02,       0.04
2026-04-15T16:53:59.618,      -0.01,       -0.03,       -0.03,       0.03
2026-04-15T16:54:00.134,      -0.01,       -0.01,       -0.00,       0.03
2026-04-15T16:54:00.649,      -0.01,       -0.03,        0.02,       0.02
2026-04-15T16:54:01.199,      -0.01,       -0.02,        0.01,       0.02
2026-04-15T16:54:01.715,      -0.02,       -0.02,        0.02,       0.03
2026-04-15T16:54:02.233,      -0.02,       -0.01,        0.02,       0.04
2026-04-15T16:54:02.779,      -0.02,       -0.02,        0.01,       0.03
2026-04-15T16:54:03.296,      -0.01,       -0.01,        0.01,       0.03
2026-04-15T16:54:03.860,      -0.02,       -0.01,        0.02,       0.04
2026-04-15T16:54:04.412,      -0.01,       -0.03,        0.02,       0.02
2026-04-15T16:54:04.930,      -0.01,       -0.03,        0.01,       0.01
2026-04-15T16:54:05.476,      -0.01,       -0.03,       -0.04,       0.04
2026-04-15T16:54:05.827,        NaN,         NaN,         NaN,        NaN
2026-04-15T16:54:05.994,      -0.02,       -0.06,       -0.04,       0.05
2026-04-15T16:54:06.540,      -0.01,       -0.03,        0.00,       0.02
2026-04-15T16:54:07.056,      -0.02,       -0.01,       -0.04,       0.05
2026-04-15T16:54:07.558,      -0.02,       -0.04,       -0.04,       0.04
2026-04-15T16:54:08.073,      -0.01,       -0.03,       -0.01,       0.01
2026-04-15T16:54:08.588,      -0.02,       -0.02,        0.01,       0.03
2026-04-15T16:54:09.104,      -0.02,       -0.02,        0.02,       0.03
2026-04-15T16:54:09.607,      -0.02,       -0.04,       -0.01,       0.02
2026-04-15T16:54:10.121,      -0.03,       -0.04,       -0.03,       0.04
2026-04-15T16:54:10.673,      -0.02,       -0.04,       -0.05,       0.05
2026-04-15T16:54:11.189,       0.00,       -0.03,        0.03,       0.03
2026-04-15T16:54:11.737,      -0.01,       -0.02,        0.01,       0.02
2026-04-15T16:54:12.254,      -0.02,       -0.01,       -0.02,       0.04
2026-04-15T16:54:12.800,      -0.02,       -0.02,       -0.02,       0.03
2026-04-15T16:54:13.317,      -0.01,       -0.01,       -0.04,       0.05
2026-04-15T16:54:13.835,      -0.01,       -0.03,       -0.04,       0.04
2026-04-15T16:54:14.382,      -0.01,       -0.02,        0.01,       0.02
2026-04-15T16:54:14.901,      -0.02,       -0.02,       -0.02,       0.03
2026-04-15T16:54:15.418,      -0.01,       -0.01,        0.04,       0.05
2026-04-15T16:54:15.964,      -0.01,       -0.01,        0.01,       0.03
2026-04-15T16:54:16.479,      -0.03,       -0.03,       -0.02,       0.03
2026-04-15T16:54:17.029,      -0.01,       -0.02,       -0.06,       0.06
2026-04-15T16:54:17.545,       0.01,       -0.02,        0.01,       0.02
2026-04-15T16:54:18.047,      -0.01,       -0.03,        0.00,       0.02
2026-04-15T16:54:18.564,      -0.01,       -0.01,        0.04,       0.05
2026-04-15T16:54:19.111,      -0.01,       -0.01,        0.04,       0.05
2026-04-15T16:54:19.629,      -0.03,       -0.01,       -0.03,       0.05
2026-04-15T16:54:20.143,      -0.04,       -0.04,       -0.03,       0.05
2026-04-15T16:54:20.660,      -0.02,       -0.00,        0.00,       0.04
2026-04-15T16:54:21.211,      -0.02,       -0.01,        0.02,       0.03
2026-04-15T16:54:21.726,      -0.01,       -0.03,        0.01,       0.02
2026-04-15T16:54:22.276,      -0.01,       -0.02,       -0.01,       0.02
2026-04-15T16:54:22.793,      -0.02,       -0.01,       -0.00,       0.03
2026-04-15T16:54:23.339,      -0.02,       -0.02,       -0.02,       0.03
2026-04-15T16:54:23.856,      -0.01,       -0.02,       -0.02,       0.03
2026-04-15T16:54:24.358,      -0.01,       -0.04,        0.01,       0.02
2026-04-15T16:54:24.871,      -0.00,       -0.02,       -0.03,       0.03
2026-04-15T16:54:25.373,      -0.00,       -0.02,        0.00,       0.01
2026-04-15T16:54:25.889,      -0.01,       -0.03,        0.01,       0.02
2026-04-15T16:54:26.435,      -0.02,       -0.02,        0.00,       0.02
2026-04-15T16:54:26.938,      -0.01,       -0.02,       -0.00,       0.02
2026-04-15T16:54:27.452,      -0.01,       -0.02,       -0.01,       0.02
2026-04-15T16:54:27.951,      -0.02,       -0.02,       -0.01,       0.03
2026-04-15T16:54:28.470,      -0.02,       -0.02,       -0.03,       0.03
2026-04-15T16:54:29.033,      -0.02,       -0.01,        0.05,       0.06
2026-04-15T16:54:29.535,      -0.02,       -0.03,       -0.02,       0.03
2026-04-15T16:54:30.101,      -0.03,       -0.02,       -0.04,       0.05
2026-04-15T16:54:30.647,      -0.02,       -0.03,       -0.03,       0.04
2026-04-15T16:54:31.166,      -0.01,       -0.03,       -0.02,       0.02
2026-04-15T16:54:31.729,      -0.01,       -0.01,       -0.01,       0.03
2026-04-15T16:54:32.232,      -0.03,       -0.01,        0.03,       0.05
2026-04-15T16:54:32.749,      -0.02,       -0.03,       -0.02,       0.03
2026-04-15T16:54:33.264,      -0.02,       -0.01,        0.01,       0.03
2026-04-15T16:54:33.811,      -0.01,       -0.01,        0.01,       0.03
2026-04-15T16:54:34.329,      -0.01,       -0.04,       -0.04,       0.04
2026-04-15T16:54:34.847,       0.00,       -0.00,        0.04,       0.05
2026-04-15T16:54:35.393,      -0.01,       -0.01,        0.05,       0.06
2026-04-15T16:54:35.911,      -0.02,       -0.00,        0.02,       0.05
2026-04-15T16:54:36.428,      -0.01,       -0.01,        0.04,       0.04
2026-04-15T16:54:36.974,      -0.03,       -0.01,        0.01,       0.04
2026-04-15T16:54:37.495,      -0.01,       -0.02,        0.00,       0.02
2026-04-15T16:54:38.041,      -0.02,       -0.02,       -0.00,       0.02
2026-04-15T16:54:38.555,      -0.01,       -0.03,       -0.04,       0.05
2026-04-15T16:54:39.058,      -0.01,       -0.01,       -0.02,       0.03
2026-04-15T16:54:39.571,      -0.03,       -0.03,       -0.03,       0.04
2026-04-15T16:54:40.073,      -0.01,       -0.03,       -0.01,       0.02
2026-04-15T16:54:40.620,      -0.01,       -0.01,        0.02,       0.04
2026-04-15T16:54:41.137,      -0.03,       -0.03,        0.02,       0.04
2026-04-15T16:54:41.640,      -0.01,       -0.02,        0.03,       0.03
2026-04-15T16:54:42.152,      -0.02,       -0.02,       -0.01,       0.03
2026-04-15T16:54:42.654,      -0.01,        0.00,       -0.04,       0.05
2026-04-15T16:54:43.171,      -0.03,       -0.02,       -0.01,       0.04
2026-04-15T16:54:43.717,      -0.01,       -0.00,        0.02,       0.04
2026-04-15T16:54:44.234,      -0.02,       -0.01,       -0.03,       0.04
2026-04-15T16:54:44.736,      -0.00,       -0.02,        0.02,       0.02
2026-04-15T16:54:45.282,      -0.00,       -0.01,        0.01,       0.03
2026-04-15T16:54:45.801,      -0.02,       -0.04,       -0.04,       0.05
2026-04-15T16:54:46.347,       0.01,       -0.01,        0.05,       0.06
2026-04-15T16:54:46.866,      -0.00,       -0.01,        0.00,       0.03
2026-04-15T16:54:47.413,      -0.01,       -0.03,        0.01,       0.02
2026-04-15T16:54:47.930,      -0.01,       -0.04,       -0.04,       0.04
2026-04-15T16:54:48.433,      -0.01,       -0.03,       -0.01,       0.01
2026-04-15T16:54:48.945,       0.00,       -0.01,        0.07,       0.07
2026-04-15T16:54:49.447,       0.01,       -0.01,        0.02,       0.04
2026-04-15T16:54:50.012,       0.01,       -0.02,        0.11,       0.11
2026-04-15T16:54:50.558,      -0.02,       -0.01,        0.01,       0.03
2026-04-15T16:54:51.080,      -0.02,       -0.01,        0.03,       0.05
2026-04-15T16:54:51.625,      -0.01,       -0.03,        0.02,       0.03
2026-04-15T16:54:52.128,      -0.01,       -0.01,        0.07,       0.08
2026-04-15T16:54:52.644,      -0.02,       -0.03,       -0.02,       0.03
2026-04-15T16:54:53.156,      -0.01,       -0.03,       -0.03,       0.03
2026-04-15T16:54:53.659,      -0.01,       -0.01,       -0.00,       0.03
2026-04-15T16:54:54.176,      -0.01,       -0.01,        0.04,       0.05
2026-04-15T16:54:54.688,       0.00,       -0.02,        0.01,       0.02
2026-04-15T16:54:55.203,      -0.01,       -0.02,       -0.00,       0.02
2026-04-15T16:54:55.720,      -0.01,       -0.03,        0.02,       0.03
2026-04-15T16:54:56.239,      -0.03,       -0.01,        0.04,       0.05
2026-04-15T16:54:56.756,      -0.02,       -0.03,       -0.00,       0.02
2026-04-15T16:54:57.272,      -0.01,       -0.00,        0.02,       0.04
2026-04-15T16:54:57.785,      -0.02,       -0.01,       -0.01,       0.04
2026-04-15T16:54:58.301,      -0.01,       -0.01,       -0.02,       0.03
2026-04-15T16:54:58.817,      -0.04,       -0.04,       -0.05,       0.07
2026-04-15T16:54:59.320,      -0.04,       -0.04,       -0.03,       0.05
2026-04-15T16:54:59.833,       0.01,        0.01,       -0.02,       0.04
2026-04-15T16:55:00.369,      -0.01,       -0.03,       -0.02,       0.03
2026-04-15T16:55:00.914,      -0.02,       -0.05,       -0.06,       0.07
2026-04-15T16:55:01.433,      -0.02,       -0.03,       -0.01,       0.03
2026-04-15T16:55:01.947,      -0.02,       -0.02,       -0.01,       0.03
2026-04-15T16:55:02.464,      -0.02,       -0.00,        0.02,       0.04
2026-04-15T16:55:02.979,      -0.01,       -0.01,        0.02,       0.04
2026-04-15T16:55:03.481,      -0.03,       -0.00,       -0.04,       0.06
2026-04-15T16:55:03.994,      -0.02,       -0.01,       -0.01,       0.03
2026-04-15T16:55:04.511,      -0.01,       -0.02,        0.02,       0.03
2026-04-15T16:55:05.026,      -0.02,        0.01,        0.02,       0.05
2026-04-15T16:55:05.546,      -0.03,       -0.03,        0.04,       0.06
2026-04-15T16:55:06.063,      -0.02,        0.00,        0.03,       0.05
2026-04-15T16:55:06.578,      -0.00,       -0.02,        0.03,       0.03
2026-04-15T16:55:07.090,      -0.01,       -0.02,        0.04,       0.05
2026-04-15T16:55:07.607,      -0.01,        0.01,        0.08,       0.09
2026-04-15T16:55:08.110,      -0.01,       -0.01,       -0.00,       0.03
2026-04-15T16:55:08.622,      -0.01,       -0.02,        0.04,       0.05
2026-04-15T16:55:09.138,      -0.02,       -0.02,        0.02,       0.03
2026-04-15T16:55:09.655,       0.01,       -0.02,        0.03,       0.03
2026-04-15T16:55:10.174,       0.01,       -0.02,       -0.04,       0.04
2026-04-15T16:55:10.690,      -0.00,       -0.01,       -0.01,       0.03
2026-04-15T16:55:11.236,      -0.00,       -0.02,        0.02,       0.03
2026-04-15T16:55:11.754,      -0.01,       -0.01,        0.00,       0.03
2026-04-15T16:55:12.272,      -0.01,       -0.03,        0.04,       0.04
2026-04-15T16:55:12.788,       0.03,       -0.02,        0.12,       0.12
2026-04-15T16:55:13.333,       0.01,       -0.00,        0.02,       0.04
2026-04-15T16:55:13.854,       0.02,       -0.01,        0.05,       0.06
2026-04-15T16:55:14.369,       0.00,       -0.01,        0.02,       0.04
2026-04-15T16:55:14.882,      -0.01,       -0.02,        0.02,       0.02
2026-04-15T16:55:15.385,       0.01,       -0.03,       -0.04,       0.04
2026-04-15T16:55:15.902,       0.02,       -0.03,       -0.04,       0.04
2026-04-15T16:55:16.417,       0.00,       -0.02,        0.02,       0.03
2026-04-15T16:55:16.930,       0.01,       -0.03,       -0.01,       0.01
2026-04-15T16:55:17.448,       0.00,       -0.04,       -0.08,       0.08
2026-04-15T16:55:17.963,      -0.01,       -0.03,        0.00,       0.01
2026-04-15T16:55:18.481,       0.00,       -0.03,        0.01,       0.01
2026-04-15T16:55:18.999,       0.01,        0.00,        0.02,       0.04
2026-04-15T16:55:19.510,      -0.00,       -0.02,        0.01,       0.02
2026-04-15T16:55:20.026,      -0.00,       -0.01,        0.01,       0.02
2026-04-15T16:55:20.543,       0.01,       -0.01,        0.02,       0.03
2026-04-15T16:55:21.062,      -0.01,       -0.02,        0.05,       0.05
2026-04-15T16:55:21.578,      -0.01,       -0.02,        0.01,       0.02
2026-04-15T16:55:22.124,      -0.00,       -0.02,       -0.01,       0.02
2026-04-15T16:55:22.641,       0.01,        0.01,        0.04,       0.06
2026-04-15T16:55:23.160,       0.00,       -0.01,        0.02,       0.03
2026-04-15T16:55:23.676,       0.02,       -0.04,       -0.00,       0.02
2026-04-15T16:55:24.190,       0.03,       -0.03,        0.03,       0.04
2026-04-15T16:55:24.706,       0.03,        0.01,        0.06,       0.08
2026-04-15T16:55:25.220,       0.01,       -0.01,        0.03,       0.04
2026-04-15T16:55:25.741,       0.03,       -0.01,       -0.00,       0.03
2026-04-15T16:55:26.256,      -0.01,       -0.00,        0.07,       0.08
2026-04-15T16:55:26.802,       0.01,       -0.02,        0.00,       0.02
2026-04-15T16:55:27.322,      -0.01,       -0.02,        0.04,       0.05
2026-04-15T16:55:27.839,       0.01,       -0.02,        0.02,       0.02
2026-04-15T16:55:28.351,       0.03,        0.01,        0.02,       0.05
2026-04-15T16:55:28.867,      -0.00,       -0.02,       -0.04,       0.04
2026-04-15T16:55:29.384,      -0.01,       -0.03,       -0.04,       0.04
2026-04-15T16:55:29.887,      -0.01,       -0.03,       -0.01,       0.02
2026-04-15T16:55:30.419,       0.02,       -0.01,        0.13,       0.14
2026-04-15T16:55:30.964,       0.02,       -0.00,        0.12,       0.13
2026-04-15T16:55:31.481,       0.01,        0.02,        0.16,       0.17
2026-04-15T16:55:31.999,      -0.01,        0.00,        0.01,       0.04
2026-04-15T16:55:32.563,      -0.02,       -0.01,        0.03,       0.05
2026-04-15T16:55:33.066,      -0.03,       -0.00,        0.01,       0.04
2026-04-15T16:55:33.583,      -0.03,       -0.00,        0.01,       0.04
2026-04-15T16:55:34.098,      -0.01,       -0.02,        0.06,       0.07
2026-04-15T16:55:34.612,      -0.02,       -0.03,        0.01,       0.02
2026-04-15T16:55:35.128,      -0.02,       -0.02,       -0.00,       0.02
2026-04-15T16:55:35.643,      -0.01,       -0.03,        0.04,       0.04
2026-04-15T16:55:36.212,      -0.02,       -0.02,       -0.02,       0.03
2026-04-15T16:55:36.758,       0.01,       -0.04,        0.05,       0.05
2026-04-15T16:55:37.279,       0.00,       -0.02,        0.00,       0.01
2026-04-15T16:55:37.794,       0.01,       -0.01,        0.06,       0.06
2026-04-15T16:55:38.307,       0.01,       -0.02,        0.03,       0.04
2026-04-15T16:55:38.873,       0.01,       -0.03,        0.02,       0.02
2026-04-15T16:55:39.376,      -0.01,       -0.01,        0.04,       0.04
2026-04-15T16:55:39.888,      -0.00,       -0.01,        0.04,       0.05
2026-04-15T16:55:40.404,      -0.01,       -0.01,        0.03,       0.04
2026-04-15T16:55:40.921,      -0.02,       -0.01,        0.01,       0.04
2026-04-15T16:55:41.439,      -0.03,       -0.03,       -0.02,       0.03
2026-04-15T16:55:41.955,      -0.02,       -0.02,        0.00,       0.02
2026-04-15T16:55:42.473,      -0.02,       -0.03,        0.04,       0.05
2026-04-15T16:55:42.985,      -0.01,       -0.02,        0.06,       0.06
2026-04-15T16:55:43.488,      -0.00,       -0.02,        0.01,       0.02
2026-04-15T16:55:44.004,      -0.01,       -0.01,        0.00,       0.03
2026-04-15T16:55:44.521,      -0.01,       -0.02,        0.02,       0.03
2026-04-15T16:55:45.033,      -0.01,       -0.02,        0.00,       0.02
2026-04-15T16:55:45.549,      -0.01,       -0.02,       -0.00,       0.02
2026-04-15T16:55:46.066,      -0.02,       -0.02,        0.06,       0.06
2026-04-15T16:55:46.584,      -0.01,       -0.01,        0.00,       0.03
2026-04-15T16:55:47.100,      -0.02,       -0.02,        0.05,       0.05
2026-04-15T16:55:47.646,      -0.01,       -0.02,       -0.01,       0.02
2026-04-15T16:55:48.166,      -0.02,       -0.02,        0.02,       0.03
2026-04-15T16:55:48.682,      -0.01,       -0.02,        0.04,       0.04
2026-04-15T16:55:49.195,      -0.02,       -0.02,        0.04,       0.05
2026-04-15T16:55:49.712,      -0.02,       -0.01,       -0.00,       0.03
2026-04-15T16:55:50.227,       0.00,       -0.02,        0.07,       0.07
2026-04-15T16:55:50.747,      -0.00,       -0.02,        0.02,       0.02
2026-04-15T16:55:51.313,       0.01,       -0.02,        0.05,       0.06
2026-04-15T16:55:51.859,      -0.01,       -0.04,       -0.00,       0.02
2026-04-15T16:55:52.378,      -0.01,       -0.02,        0.01,       0.02
2026-04-15T16:55:52.894,      -0.02,       -0.03,       -0.05,       0.05
2026-04-15T16:55:53.408,      -0.00,       -0.02,        0.02,       0.02
2026-04-15T16:55:53.924,      -0.01,        0.00,        0.04,       0.06
2026-04-15T16:55:54.439,      -0.02,       -0.03,        0.01,       0.03
2026-04-15T16:55:54.960,       0.00,       -0.02,        0.02,       0.02
2026-04-15T16:55:55.505,      -0.01,        0.00,       -0.01,       0.04
2026-04-15T16:55:56.021,      -0.00,        0.01,        0.04,       0.06
2026-04-15T16:55:56.540,      -0.00,       -0.00,        0.00,       0.03
2026-04-15T16:55:57.057,      -0.01,       -0.01,       -0.01,       0.03
2026-04-15T16:55:57.569,      -0.00,       -0.01,        0.01,       0.02
2026-04-15T16:55:58.085,      -0.01,       -0.02,        0.02,       0.03
2026-04-15T16:55:58.602,      -0.01,       -0.01,        0.03,       0.04
2026-04-15T16:55:59.120,      -0.02,       -0.01,       -0.00,       0.03
2026-04-15T16:55:59.637,      -0.01,       -0.02,       -0.00,       0.02
2026-04-15T16:56:00.154,      -0.02,       -0.02,        0.02,       0.03
2026-04-15T16:56:00.700,      -0.00,       -0.01,        0.06,       0.07
2026-04-15T16:56:01.218,      -0.00,       -0.01,        0.02,       0.03
2026-04-15T16:56:01.734,      -0.01,       -0.01,        0.01,       0.03
2026-04-15T16:56:02.249,      -0.01,       -0.00,        0.02,       0.04
2026-04-15T16:56:02.763,      -0.01,       -0.01,        0.01,       0.03
2026-04-15T16:56:03.279,      -0.01,       -0.02,       -0.00,       0.02
2026-04-15T16:56:03.799,      -0.01,       -0.04,       -0.01,       0.02
2026-04-15T16:56:04.346,      -0.01,       -0.00,        0.01,       0.03
2026-04-15T16:56:04.861,      -0.01,       -0.02,       -0.01,       0.02
2026-04-15T16:56:05.381,      -0.02,       -0.03,        0.02,       0.03
2026-04-15T16:56:05.897,      -0.01,       -0.02,        0.03,       0.04
2026-04-15T16:56:06.410,      -0.00,       -0.02,       -0.01,       0.02
2026-04-15T16:56:06.925,      -0.01,       -0.03,        0.02,       0.03
2026-04-15T16:56:07.443,      -0.00,        0.00,        0.03,       0.05
2026-04-15T16:56:07.945,      -0.01,       -0.01,       -0.02,       0.03
2026-04-15T16:56:08.457,      -0.03,       -0.03,        0.04,       0.05
2026-04-15T16:56:08.973,      -0.00,       -0.02,        0.03,       0.03
2026-04-15T16:56:09.490,      -0.01,       -0.01,        0.02,       0.03
2026-04-15T16:56:10.009,       0.00,       -0.02,        0.08,       0.08
2026-04-15T16:56:10.572,       0.01,       -0.03,        0.01,       0.02
2026-04-15T16:56:11.071,      -0.01,        0.01,        0.02,       0.05
2026-04-15T16:56:11.588,       0.00,       -0.02,       -0.01,       0.02
2026-04-15T16:56:12.107,      -0.02,       -0.01,        0.02,       0.03
2026-04-15T16:56:12.620,      -0.01,       -0.02,        0.05,       0.06
2026-04-15T16:56:13.136,       0.00,       -0.01,        0.06,       0.07
2026-04-15T16:56:13.651,      -0.01,       -0.01,        0.04,       0.05
2026-04-15T16:56:14.170,      -0.02,       -0.00,        0.04,       0.05
2026-04-15T16:56:14.738,      -0.01,       -0.02,       -0.01,       0.02
2026-04-15T16:56:15.300,       0.01,       -0.02,        0.00,       0.01
2026-04-15T16:56:15.803,       0.01,       -0.02,        0.01,       0.01
2026-04-15T16:56:16.319,      -0.01,       -0.02,       -0.00,       0.02
2026-04-15T16:56:16.836,       0.00,       -0.01,        0.01,       0.03
2026-04-15T16:56:17.348,      -0.00,       -0.02,        0.01,       0.01
2026-04-15T16:56:17.850,      -0.02,        0.01,        0.09,       0.10
2026-04-15T16:56:18.366,      -0.01,       -0.02,       -0.01,       0.02
2026-04-15T16:56:18.880,      -0.01,       -0.02,        0.03,       0.03
2026-04-15T16:56:19.395,      -0.00,       -0.01,        0.04,       0.05
2026-04-15T16:56:19.911,      -0.01,       -0.00,        0.02,       0.04
2026-04-15T16:56:20.414,      -0.00,       -0.03,       -0.03,       0.03
2026-04-15T16:56:20.928,       0.00,       -0.01,        0.04,       0.05
2026-04-15T16:56:21.443,       0.01,       -0.01,        0.04,       0.05
2026-04-15T16:56:21.959,       0.00,       -0.02,        0.02,       0.02
2026-04-15T16:56:22.479,      -0.00,       -0.03,        0.01,       0.01
2026-04-15T16:56:23.026,      -0.01,       -0.01,        0.02,       0.03
2026-04-15T16:56:23.541,      -0.01,       -0.01,        0.02,       0.04
2026-04-15T16:56:24.060,      -0.00,       -0.02,        0.01,       0.02
2026-04-15T16:56:24.577,       0.00,       -0.02,       -0.02,       0.02
2026-04-15T16:56:25.089,      -0.02,       -0.01,        0.01,       0.03
2026-04-15T16:56:25.655,       0.01,        0.00,       -0.00,       0.04
2026-04-15T16:56:26.158,      -0.00,       -0.02,       -0.03,       0.03
2026-04-15T16:56:26.675,      -0.02,       -0.02,        0.02,       0.04
2026-04-15T16:56:27.187,      -0.00,       -0.03,       -0.03,       0.03
2026-04-15T16:56:27.704,      -0.00,       -0.02,       -0.00,       0.01
2026-04-15T16:56:28.206,      -0.01,       -0.01,        0.02,       0.03
2026-04-15T16:56:28.723,      -0.01,       -0.02,        0.01,       0.02
2026-04-15T16:56:29.236,      -0.01,       -0.04,        0.01,       0.02
2026-04-15T16:56:29.751,      -0.02,       -0.02,        0.02,       0.03
2026-04-15T16:56:30.267,      -0.01,       -0.03,       -0.01,       0.01
2026-04-15T16:56:30.767,      -0.00,       -0.03,        0.01,       0.01
2026-04-15T16:56:31.282,      -0.00,       -0.04,       -0.00,       0.01
2026-04-15T16:56:31.798,      -0.00,       -0.01,        0.06,       0.07
2026-04-15T16:56:32.315,      -0.02,       -0.01,        0.00,       0.04
2026-04-15T16:56:32.834,      -0.02,       -0.04,       -0.03,       0.04
2026-04-15T16:56:33.380,      -0.02,       -0.04,        0.01,       0.03
2026-04-15T16:56:33.899,      -0.02,       -0.00,       -0.01,       0.04
2026-04-15T16:56:34.417,      -0.02,       -0.00,        0.03,       0.05
2026-04-15T16:56:34.929,      -0.01,       -0.02,       -0.00,       0.02
2026-04-15T16:56:35.495,      -0.02,       -0.02,        0.01,       0.03
2026-04-15T16:56:35.997,       0.01,       -0.03,        0.00,       0.01
2026-04-15T16:56:36.514,       0.00,       -0.01,        0.00,       0.03
2026-04-15T16:56:37.026,      -0.01,       -0.03,        0.04,       0.04
2026-04-15T16:56:37.542,      -0.02,       -0.04,       -0.04,       0.05
2026-04-15T16:56:38.045,      -0.02,       -0.04,        0.03,       0.04
2026-04-15T16:56:38.562,      -0.02,       -0.04,       -0.04,       0.05
2026-04-15T16:56:39.074,       0.00,       -0.02,        0.01,       0.02
2026-04-15T16:56:39.590,      -0.00,       -0.01,        0.05,       0.05
2026-04-15T16:56:40.107,      -0.01,       -0.00,        0.05,       0.06
2026-04-15T16:56:40.610,      -0.01,       -0.02,        0.02,       0.02
2026-04-15T16:56:41.122,      -0.01,       -0.01,        0.01,       0.02
2026-04-15T16:56:41.638,      -0.02,       -0.03,       -0.01,       0.02
2026-04-15T16:56:42.155,      -0.02,       -0.02,        0.02,       0.03
2026-04-15T16:56:42.672,      -0.02,       -0.02,       -0.02,       0.03
2026-04-15T16:56:43.236,      -0.00,       -0.01,        0.00,       0.02
2026-04-15T16:56:43.739,      -0.02,       -0.01,        0.03,       0.04
2026-04-15T16:56:44.255,      -0.01,       -0.01,        0.05,       0.06
2026-04-15T16:56:44.771,      -0.01,       -0.04,        0.02,       0.02
2026-04-15T16:56:45.284,      -0.00,       -0.03,        0.00,       0.01
2026-04-15T16:56:45.786,      -0.01,       -0.02,        0.04,       0.05
2026-04-15T16:56:46.303,      -0.01,        0.01,        0.04,       0.06
2026-04-15T16:56:46.818,      -0.00,       -0.03,        0.04,       0.05
2026-04-15T16:56:47.382,      -0.01,       -0.02,        0.02,       0.03
2026-04-15T16:56:47.884,      -0.01,       -0.02,       -0.01,       0.02
2026-04-15T16:56:48.401,      -0.01,       -0.01,       -0.02,       0.03
2026-04-15T16:56:48.913,      -0.00,       -0.01,        0.02,       0.03
2026-04-15T16:56:49.429,      -0.02,       -0.01,        0.06,       0.07
2026-04-15T16:56:49.932,      -0.01,       -0.02,        0.03,       0.04
2026-04-15T16:56:50.464,      -0.01,       -0.00,        0.05,       0.06
2026-04-15T16:56:51.011,      -0.01,       -0.01,        0.04,       0.05
2026-04-15T16:56:51.527,       0.00,       -0.01,        0.02,       0.03
2026-04-15T16:56:52.047,      -0.01,        0.00,        0.02,       0.04
2026-04-15T16:56:52.609,      -0.00,        0.00,        0.02,       0.04
2026-04-15T16:56:53.161,      -0.00,        0.00,        0.05,       0.07
2026-04-15T16:56:53.678,      -0.00,       -0.03,        0.00,       0.01
2026-04-15T16:56:54.195,      -0.01,       -0.03,        0.01,       0.01
2026-04-15T16:56:54.707,      -0.02,       -0.02,        0.01,       0.03
2026-04-15T16:56:55.223,       0.00,       -0.01,        0.03,       0.04
2026-04-15T16:56:55.740,      -0.01,       -0.02,        0.00,       0.02
2026-04-15T16:56:56.258,      -0.01,       -0.01,        0.02,       0.03
2026-04-15T16:56:56.774,      -0.01,       -0.01,        0.02,       0.03
2026-04-15T16:56:57.323,      -0.00,       -0.02,       -0.00,       0.01
2026-04-15T16:56:57.840,      -0.00,       -0.02,        0.01,       0.02
2026-04-15T16:56:58.355,      -0.01,       -0.01,        0.03,       0.04
2026-04-15T16:56:58.869,       0.01,       -0.01,       -0.01,       0.03
2026-04-15T16:56:59.421,        NaN,         NaN,         NaN,        NaN
2026-04-15T16:56:59.935,        NaN,         NaN,         NaN,        NaN
2026-04-15T16:57:00.451,        NaN,         NaN,         NaN,        NaN
2026-04-15T16:57:00.967,       0.00,       -0.03,        0.04,       0.05
2026-04-15T16:57:01.483,        NaN,         NaN,         NaN,        NaN
2026-04-15T16:57:01.983,        NaN,         NaN,         NaN,        NaN
2026-04-15T16:57:02.497,        NaN,         NaN,         NaN,        NaN
2026-04-15T16:57:03.015,       0.06,        0.07,       -0.09,       0.15
2026-04-15T16:57:03.531,       0.01,        0.00,        0.03,       0.04
2026-04-15T16:57:04.062,        NaN,         NaN,         NaN,        NaN
2026-04-15T16:57:04.579,        NaN,         NaN,         NaN,        NaN
2026-04-15T16:57:05.098,      -0.03,        0.11,       -0.08,       0.17
2026-04-15T16:57:05.645,       0.00,       -0.00,        0.02,       0.03
2026-04-15T16:57:06.164,      -0.00,       -0.00,       -0.02,       0.03
2026-04-15T16:57:06.681,       0.02,       -0.01,        0.06,       0.07
2026-04-15T16:57:07.196,       0.10,       -0.02,        0.28,       0.30
2026-04-15T16:57:07.710,      -0.01,       -0.05,        0.45,       0.45
2026-04-15T16:57:08.212,      -0.01,       -0.05,        0.49,       0.49
2026-04-15T16:57:08.729,       0.01,        0.09,        1.02,       1.02
2026-04-15T16:57:09.241,       0.01,       -0.17,        0.46,       0.48
2026-04-15T16:57:09.757,      -0.00,       -0.06,        0.48,       0.49
2026-04-15T16:57:10.274,      -0.01,       -0.03,        0.48,       0.49
2026-04-15T16:57:10.789,      -0.00,       -0.07,        0.51,       0.51
2026-04-15T16:57:11.289,      -0.00,       -0.05,        0.50,       0.51
2026-04-15T16:57:11.805,      -0.00,       -0.06,        0.43,       0.43
2026-04-15T16:57:12.322,       0.00,       -0.06,        0.50,       0.50
2026-04-15T16:57:12.840,       0.01,       -0.05,        0.48,       0.48
2026-04-15T16:57:13.356,       0.02,       -0.06,        0.48,       0.48
2026-04-15T16:57:13.923,       0.03,       -0.05,        0.56,       0.57
2026-04-15T16:57:14.485,       0.03,       -0.05,        0.51,       0.52
2026-04-15T16:57:14.988,       0.05,       -0.06,        0.53,       0.53
2026-04-15T16:57:15.501,      -0.01,       -0.10,        0.49,       0.50
2026-04-15T16:57:16.018,      -0.01,       -0.07,        0.51,       0.51
2026-04-15T16:57:16.533,      -0.00,       -0.06,        0.51,       0.51
2026-04-15T16:57:17.035,       0.00,       -0.06,        0.51,       0.51
2026-04-15T16:57:17.569,       0.00,       -0.03,        0.48,       0.48
2026-04-15T16:57:18.132,       0.00,       -0.04,        0.56,       0.56
2026-04-15T16:57:18.634,       0.01,       -0.04,        0.52,       0.52
2026-04-15T16:57:19.150,       0.00,       -0.07,        0.51,       0.51
2026-04-15T16:57:19.666,      -0.01,       -0.07,        0.45,       0.46
2026-04-15T16:57:20.179,       0.01,       -0.05,        0.50,       0.50
2026-04-15T16:57:20.695,       0.00,       -0.06,        0.49,       0.49
2026-04-15T16:57:21.212,      -0.00,       -0.07,        0.45,       0.45
2026-04-15T16:57:21.714,       0.00,       -0.06,        0.46,       0.46
2026-04-15T16:57:22.227,      -0.01,       -0.06,        0.47,       0.47
2026-04-15T16:57:22.743,      -0.01,       -0.07,        0.47,       0.48
2026-04-15T16:57:23.260,       0.00,       -0.06,        0.46,       0.46
2026-04-15T16:57:23.778,       0.02,       -0.06,        0.47,       0.47
2026-04-15T16:57:24.294,       0.01,       -0.06,        0.45,       0.45
2026-04-15T16:57:24.809,      -0.00,       -0.07,        0.46,       0.46
2026-04-15T16:57:25.361,       0.01,       -0.04,        0.52,       0.52
2026-04-15T16:57:25.875,       0.01,       -0.06,        0.51,       0.51
2026-04-15T16:57:26.389,      -0.00,       -0.06,        0.48,       0.48
2026-04-15T16:57:26.906,       0.01,       -0.06,        0.51,       0.51
2026-04-15T16:57:27.408,       0.01,       -0.04,        0.52,       0.52
2026-04-15T16:57:27.923,       0.00,       -0.06,        0.46,       0.46
2026-04-15T16:57:28.437,       0.01,       -0.08,        0.47,       0.47
2026-04-15T16:57:28.954,      -0.01,       -0.05,        0.49,       0.49
2026-04-15T16:57:29.469,       0.00,       -0.06,        0.51,       0.51
2026-04-15T16:57:29.988,       0.02,       -0.05,        0.51,       0.51
2026-04-15T16:57:30.534,       0.01,       -0.04,        0.55,       0.55
2026-04-15T16:57:31.052,       0.01,       -0.06,        0.51,       0.52
2026-04-15T16:57:31.570,      -0.01,       -0.05,        0.49,       0.49
2026-04-15T16:57:32.086,      -0.01,       -0.08,        0.45,       0.45
2026-04-15T16:57:32.602,       0.01,       -0.07,        0.49,       0.50
2026-04-15T16:57:33.115,      -0.00,       -0.06,        0.49,       0.49
2026-04-15T16:57:33.631,      -0.00,       -0.07,        0.45,       0.45
2026-04-15T16:57:34.148,      -0.01,       -0.07,        0.45,       0.46
2026-04-15T16:57:34.666,      -0.00,       -0.05,        0.42,       0.42
2026-04-15T16:57:35.213,      -0.01,       -0.05,        0.48,       0.48
2026-04-15T16:57:35.732,      -0.01,       -0.07,        0.44,       0.44
2026-04-15T16:57:36.248,       0.00,       -0.06,        0.45,       0.46
2026-04-15T16:57:36.764,      -0.00,       -0.07,        0.52,       0.52
2026-04-15T16:57:37.278,      -0.00,       -0.06,        0.49,       0.49
2026-04-15T16:57:37.780,      -0.01,       -0.05,        0.49,       0.49
2026-04-15T16:57:38.296,      -0.01,       -0.05,        0.46,       0.47
2026-04-15T16:57:38.809,      -0.00,       -0.07,        0.46,       0.46
2026-04-15T16:57:39.325,       0.00,       -0.06,        0.47,       0.47
2026-04-15T16:57:39.841,      -0.00,       -0.08,        0.50,       0.50
2026-04-15T16:57:40.360,       0.01,       -0.07,        0.44,       0.44
2026-04-15T16:57:40.876,      -0.01,       -0.07,        0.47,       0.47
2026-04-15T16:57:41.393,      -0.01,       -0.05,        0.48,       0.48
2026-04-15T16:57:41.956,      -0.01,       -0.06,        0.50,       0.50
2026-04-15T16:57:42.458,      -0.00,       -0.04,        0.50,       0.50
2026-04-15T16:57:42.974,      -0.00,       -0.05,        0.50,       0.50
2026-04-15T16:57:43.489,       0.01,       -0.06,        0.48,       0.48
2026-04-15T16:57:44.003,      -0.00,       -0.07,        0.47,       0.47
2026-04-15T16:57:44.519,       0.01,       -0.04,        0.49,       0.50
2026-04-15T16:57:45.021,       0.00,       -0.07,        0.49,       0.50
2026-04-15T16:57:45.535,      -0.01,       -0.06,        0.48,       0.48
2026-04-15T16:57:46.050,      -0.00,       -0.06,        0.45,       0.45
2026-04-15T16:57:46.566,       0.00,       -0.07,        0.47,       0.47
2026-04-15T16:57:47.087,      -0.02,       -0.07,        0.46,       0.47
2026-04-15T16:57:47.602,      -0.00,       -0.07,        0.48,       0.48
2026-04-15T16:57:48.166,      -0.01,       -0.07,        0.49,       0.49
2026-04-15T16:57:48.669,      -0.00,       -0.06,        0.46,       0.46
2026-04-15T16:57:49.185,       0.00,       -0.04,        0.46,       0.46
2026-04-15T16:57:49.698,      -0.01,       -0.04,        0.51,       0.52
2026-04-15T16:57:50.212,       0.01,       -0.04,        0.53,       0.53
2026-04-15T16:57:50.730,       0.00,       -0.05,        0.44,       0.44
2026-04-15T16:57:51.248,       0.00,       -0.08,        0.43,       0.44
2026-04-15T16:57:51.764,      -0.00,       -0.06,        0.44,       0.44
2026-04-15T16:57:52.281,       0.02,       -0.08,        0.46,       0.46
2026-04-15T16:57:52.794,       0.01,       -0.08,        0.45,       0.45
2026-04-15T16:57:53.309,       0.00,       -0.06,        0.47,       0.47
2026-04-15T16:57:53.812,       0.01,       -0.06,        0.49,       0.49
2026-04-15T16:57:54.330,       0.01,       -0.06,        0.45,       0.45
2026-04-15T16:57:54.842,       0.01,       -0.07,        0.48,       0.48
2026-04-15T16:57:55.358,      -0.01,       -0.06,        0.49,       0.49
2026-04-15T16:57:55.860,      -0.01,       -0.07,        0.47,       0.47
2026-04-15T16:57:56.377,      -0.01,       -0.06,        0.45,       0.45
2026-04-15T16:57:56.890,       0.01,       -0.07,        0.47,       0.48
2026-04-15T16:57:57.405,       0.02,       -0.06,        0.57,       0.57
2026-04-15T16:57:57.921,      -0.00,       -0.05,        0.53,       0.53
2026-04-15T16:57:58.440,       0.01,       -0.06,        0.52,       0.52
2026-04-15T16:57:58.956,       0.01,       -0.06,        0.49,       0.49
2026-04-15T16:57:59.470,       0.00,       -0.07,        0.48,       0.48
2026-04-15T16:57:59.985,       0.00,       -0.07,        0.46,       0.46
2026-04-15T16:58:00.502,       0.01,       -0.08,        0.45,       0.46
2026-04-15T16:58:01.022,       0.01,       -0.06,        0.51,       0.51
2026-04-15T16:58:01.537,       0.01,       -0.06,        0.49,       0.49
2026-04-15T16:58:02.101,       0.01,       -0.06,        0.50,       0.50
2026-04-15T16:58:02.603,      -0.00,       -0.09,        0.44,       0.45
2026-04-15T16:58:03.119,      -0.00,       -0.06,        0.49,       0.49
2026-04-15T16:58:03.632,      -0.02,       -0.07,        0.49,       0.49
2026-04-15T16:58:04.147,      -0.02,       -0.09,        0.47,       0.47
2026-04-15T16:58:04.665,      -0.01,       -0.08,        0.45,       0.45
2026-04-15T16:58:05.183,       0.00,       -0.06,        0.51,       0.51
2026-04-15T16:58:05.699,      -0.00,       -0.07,        0.48,       0.48
2026-04-15T16:58:06.216,      -0.01,       -0.05,        0.46,       0.46
2026-04-15T16:58:06.762,       0.01,       -0.06,        0.49,       0.49
2026-04-15T16:58:07.281,       0.00,       -0.05,        0.48,       0.48
2026-04-15T16:58:07.797,      -0.01,       -0.04,        0.46,       0.46
2026-04-15T16:58:08.311,      -0.02,       -0.05,        0.52,       0.53
2026-04-15T16:58:08.825,      -0.02,       -0.06,        0.49,       0.49
2026-04-15T16:58:09.341,       0.00,       -0.06,        0.49,       0.49
2026-04-15T16:58:09.842,      -0.00,       -0.07,        0.43,       0.43
2026-04-15T16:58:10.358,      -0.01,       -0.07,        0.45,       0.45
2026-04-15T16:58:10.874,      -0.01,       -0.06,        0.47,       0.47
2026-04-15T16:58:11.393,      -0.01,       -0.07,        0.47,       0.47
2026-04-15T16:58:11.910,       0.00,       -0.05,        0.45,       0.45
2026-04-15T16:58:12.425,      -0.00,       -0.06,        0.48,       0.48
2026-04-15T16:58:12.938,      -0.01,       -0.06,        0.50,       0.50
2026-04-15T16:58:13.441,       0.00,       -0.05,        0.45,       0.46
2026-04-15T16:58:13.958,      -0.01,       -0.06,        0.47,       0.47
2026-04-15T16:58:14.473,       0.01,       -0.06,        0.50,       0.50
2026-04-15T16:58:14.986,      -0.00,       -0.06,        0.49,       0.49
2026-04-15T16:58:15.503,      -0.00,       -0.07,        0.46,       0.46
2026-04-15T16:58:16.018,      -0.00,       -0.05,        0.52,       0.52
2026-04-15T16:58:16.568,      -0.00,       -0.06,        0.43,       0.43
2026-04-15T16:58:17.084,      -0.01,       -0.05,        0.47,       0.47
2026-04-15T16:58:17.600,       0.00,       -0.05,        0.47,       0.48
2026-04-15T16:58:18.119,       0.00,       -0.08,        0.48,       0.48
2026-04-15T16:58:18.635,       0.00,       -0.06,        0.47,       0.47
2026-04-15T16:58:19.152,      -0.02,       -0.05,        0.48,       0.48
2026-04-15T16:58:19.664,      -0.01,       -0.08,        0.47,       0.48
2026-04-15T16:58:20.167,       0.00,       -0.06,        0.49,       0.49
2026-04-15T16:58:20.683,      -0.00,       -0.05,        0.45,       0.45
2026-04-15T16:58:21.200,      -0.02,       -0.05,        0.47,       0.47
2026-04-15T16:58:21.712,       0.02,       -0.05,        0.57,       0.57
2026-04-15T16:58:22.227,       0.01,       -0.06,        0.46,       0.46
2026-04-15T16:58:22.744,      -0.01,       -0.05,        0.51,       0.51
2026-04-15T16:58:23.262,      -0.01,       -0.06,        0.49,       0.49
2026-04-15T16:58:23.776,      -0.00,       -0.05,        0.49,       0.49
2026-04-15T16:58:24.343,       0.01,       -0.06,        0.48,       0.48
2026-04-15T16:58:24.858,       0.01,       -0.05,        0.52,       0.52
2026-04-15T16:58:25.378,       0.00,       -0.07,        0.51,       0.51
2026-04-15T16:58:25.895,      -0.01,       -0.05,        0.52,       0.52
2026-04-15T16:58:26.442,       0.01,       -0.05,        0.46,       0.46
2026-04-15T16:58:26.959,       0.00,       -0.05,        0.43,       0.44
2026-04-15T16:58:27.041,        NaN,         NaN,         NaN,        NaN
2026-04-15T16:58:27.041,        NaN,         NaN,         NaN,        NaN
2026-04-15T16:58:27.522,       0.01,       -0.07,        0.50,       0.50
2026-04-15T16:58:28.075,       0.00,       -0.03,        0.53,       0.54
2026-04-15T16:58:28.591,       0.00,       -0.05,        0.45,       0.46
2026-04-15T16:58:29.104,      -0.00,       -0.06,        0.46,       0.47
2026-04-15T16:58:29.620,      -0.00,       -0.05,        0.48,       0.48
2026-04-15T16:58:30.137,      -0.01,       -0.06,        0.49,       0.49
2026-04-15T16:58:30.640,       0.00,       -0.09,        0.48,       0.48
2026-04-15T16:58:31.152,      -0.00,       -0.08,        0.49,       0.50
2026-04-15T16:58:31.668,       0.01,       -0.07,        0.53,       0.54
2026-04-15T16:58:32.184,      -0.00,       -0.06,        0.55,       0.55
2026-04-15T16:58:32.702,      -0.01,       -0.05,        0.54,       0.54
2026-04-15T16:58:33.249,       0.00,       -0.07,        0.50,       0.50
2026-04-15T16:58:33.766,       0.00,       -0.06,        0.46,       0.46
2026-04-15T16:58:34.282,       0.01,       -0.06,        0.49,       0.50
2026-04-15T16:58:34.800,      -0.00,       -0.06,        0.49,       0.49
2026-04-15T16:58:35.317,      -0.01,       -0.07,        0.49,       0.49
2026-04-15T16:58:35.831,      -0.01,       -0.08,        0.47,       0.48
2026-04-15T16:58:36.395,      -0.00,       -0.06,        0.48,       0.49
2026-04-15T16:58:36.898,      -0.01,       -0.07,        0.49,       0.50
2026-04-15T16:58:37.411,       0.02,       -0.08,        0.50,       0.51
2026-04-15T16:58:37.914,       0.02,       -0.05,        0.55,       0.55
2026-04-15T16:58:38.431,       0.02,       -0.08,        0.49,       0.50
2026-04-15T16:58:38.946,       0.01,       -0.07,        0.51,       0.52
2026-04-15T16:58:39.459,      -0.01,       -0.06,        0.47,       0.48
2026-04-15T16:58:39.976,      -0.00,       -0.05,        0.52,       0.52
2026-04-15T16:58:40.491,       0.01,       -0.04,        0.52,       0.53
2026-04-15T16:58:41.011,       0.01,       -0.05,        0.55,       0.56
2026-04-15T16:58:41.528,      -0.00,       -0.07,        0.46,       0.46
2026-04-15T16:58:42.041,       0.01,       -0.07,        0.48,       0.49
2026-04-15T16:58:42.556,      -0.00,       -0.05,        0.52,       0.52
2026-04-15T16:58:43.059,       0.00,       -0.05,        0.48,       0.49
2026-04-15T16:58:43.576,      -0.01,       -0.04,        0.54,       0.55
2026-04-15T16:58:44.087,       0.00,       -0.07,        0.51,       0.52
2026-04-15T16:58:44.603,       0.00,       -0.06,        0.46,       0.47
2026-04-15T16:58:45.120,      -0.01,       -0.04,        0.52,       0.52
2026-04-15T16:58:45.638,       0.00,       -0.05,        0.55,       0.55
2026-04-15T16:58:46.155,      -0.00,       -0.06,        0.51,       0.51
2026-04-15T16:58:46.701,       0.00,       -0.07,        0.48,       0.49
2026-04-15T16:58:47.221,       0.00,       -0.06,        0.46,       0.47
2026-04-15T16:58:47.737,       0.00,       -0.06,        0.48,       0.49
2026-04-15T16:58:48.299,      -0.01,       -0.04,        0.51,       0.51
2026-04-15T16:58:48.802,       0.01,       -0.07,        0.53,       0.53
2026-04-15T16:58:49.319,      -0.02,       -0.08,        0.46,       0.46
2026-04-15T16:58:49.831,       0.00,       -0.09,        0.49,       0.50
2026-04-15T16:58:50.347,       0.01,       -0.07,        0.54,       0.54
2026-04-15T16:58:50.865,      -0.02,       -0.05,        0.57,       0.58
2026-04-15T16:58:51.382,      -0.00,       -0.06,        0.55,       0.56
2026-04-15T16:58:51.898,      -0.00,       -0.07,        0.52,       0.52
2026-04-15T16:58:52.416,      -0.01,       -0.06,        0.51,       0.52
2026-04-15T16:58:52.978,      -0.00,       -0.05,        0.53,       0.53
2026-04-15T16:58:53.481,      -0.00,       -0.07,        0.43,       0.44
2026-04-15T16:58:53.997,       0.01,       -0.06,        0.48,       0.49
2026-04-15T16:58:54.510,       0.01,       -0.07,        0.50,       0.51
2026-04-15T16:58:55.025,      -0.02,       -0.07,        0.43,       0.44
2026-04-15T16:58:55.528,      -0.02,       -0.07,        0.47,       0.48
2026-04-15T16:58:56.043,       0.00,       -0.07,        0.49,       0.50
2026-04-15T16:58:56.558,       0.01,       -0.07,        0.45,       0.45
2026-04-15T16:58:57.073,      -0.00,       -0.09,        0.44,       0.45
2026-04-15T16:58:57.589,       0.01,       -0.08,        0.43,       0.44
2026-04-15T16:58:58.109,       0.01,       -0.07,        0.47,       0.47
2026-04-15T16:58:58.625,      -0.01,       -0.07,        0.48,       0.49
2026-04-15T16:58:59.172,       0.00,       -0.04,        0.56,       0.57
2026-04-15T16:58:59.691,       0.01,       -0.06,        0.51,       0.52
2026-04-15T16:59:00.208,      -0.00,       -0.05,        0.51,       0.52
2026-04-15T16:59:00.719,      -0.00,       -0.08,        0.49,       0.49
2026-04-15T16:59:01.235,      -0.01,       -0.05,        0.48,       0.49
2026-04-15T16:59:01.752,      -0.01,       -0.06,        0.49,       0.49
2026-04-15T16:59:02.270,       0.01,       -0.07,        0.49,       0.50
2026-04-15T16:59:02.817,      -0.00,       -0.07,        0.50,       0.51
2026-04-15T16:59:03.333,       0.01,       -0.08,        0.48,       0.49
2026-04-15T16:59:03.850,      -0.01,       -0.07,        0.53,       0.54
2026-04-15T16:59:04.369,       0.00,       -0.09,        0.52,       0.52
2026-04-15T16:59:04.931,       0.01,       -0.05,        0.51,       0.52
2026-04-15T16:59:05.449,       0.00,       -0.06,        0.50,       0.51
2026-04-15T16:59:05.951,      -0.00,       -0.06,        0.52,       0.53
2026-04-15T16:59:06.466,       0.01,       -0.08,        0.52,       0.53
2026-04-15T16:59:06.979,       0.01,       -0.06,        0.46,       0.47
2026-04-15T16:59:07.496,      -0.00,       -0.08,        0.45,       0.45
2026-04-15T16:59:08.011,       0.01,       -0.10,        0.48,       0.49
2026-04-15T16:59:08.530,       0.00,       -0.08,        0.45,       0.46
2026-04-15T16:59:09.077,       0.00,       -0.07,        0.48,       0.49
2026-04-15T16:59:09.594,       0.00,       -0.07,        0.50,       0.51
2026-04-15T16:59:10.112,      -0.01,       -0.08,        0.50,       0.51
2026-04-15T16:59:10.629,       0.01,       -0.06,        0.49,       0.50
2026-04-15T16:59:11.145,       0.01,       -0.07,        0.50,       0.51
2026-04-15T16:59:11.695,      -0.00,       -0.07,        0.46,       0.47
2026-04-15T16:59:12.209,       0.00,       -0.09,        0.47,       0.48
2026-04-15T16:59:12.723,       0.00,       -0.07,        0.45,       0.45
2026-04-15T16:59:13.240,       0.01,       -0.06,        0.46,       0.47
2026-04-15T16:59:13.755,       0.01,       -0.06,        0.55,       0.55
2026-04-15T16:59:14.257,       0.01,       -0.07,        0.49,       0.50
2026-04-15T16:59:14.771,       0.00,       -0.06,        0.48,       0.49
2026-04-15T16:59:15.288,       0.01,       -0.06,        0.49,       0.50
2026-04-15T16:59:15.803,       0.00,       -0.05,        0.52,       0.53
2026-04-15T16:59:16.323,       0.00,       -0.08,        0.48,       0.49
2026-04-15T16:59:16.840,      -0.00,       -0.09,        0.49,       0.49
2026-04-15T16:59:17.385,       0.00,       -0.08,        0.49,       0.50
2026-04-15T16:59:17.903,      -0.01,       -0.07,        0.50,       0.51
2026-04-15T16:59:18.419,      -0.00,       -0.07,        0.50,       0.50
2026-04-15T16:59:18.937,       0.02,       -0.07,        0.50,       0.50
2026-04-15T16:59:19.500,      -0.01,       -0.06,        0.52,       0.52
2026-04-15T16:59:19.948,        NaN,         NaN,         NaN,        NaN
2026-04-15T16:59:19.984,        NaN,         NaN,         NaN,        NaN
